cdcr_code,institution_name,fema_facilityid,alias_codes
ASP,Avenal State Prison,10000826,
CAC,California City Correctional Center,10000852,
CAL,Calipatria State Prison,10002347,
CCI,California Correctional Institution,10001530,
CCWF,Central California Women's Facility,10000801,CCFW
CEN,Centinela State Prison,10002348,
CHCF,California Health Care Facility - Stockton,10000799,
CIM,California Institution for Men,10000836,
CIW,California Institution for Women,10002341,
CMC,California Men's Colony,10002345,
CMF,California Medical Facility,10000785,
COR,"California State Prison, Corcoran",10000824,
CRC,California Rehabilitation Center,10000857,
CTF,Correctional Training Facility,10000817,
CVSP,Chuckawalla Valley State Prison,10002346,
FOL,Folsom State Prison,10000780,FSP
FWF,Folsom Women's Facility,10006530,
HDSP,High Desert State Prison,10002310,
ISP,Ironwood State Prison,10000861,
KVSP,Kern Valley State Prison,10000844,
LAC,"California State Prison, Los Angeles County",10002353,
MCSP,Mule Creek State Prison,10000782,
NKSP,North Kern State Prison,10000841,
PBSP,Pelican Bay State Prison,10002309,
PVSP,Pleasant Valley State Prison,10000810,
RJD,RJ Donovan Correctional Facility,10000869,
SAC,"California State Prison, Sacramento",10002322,
SATF,California Substance Abuse Treatment Facility,10000825,
SCC,Sierra Conservation Center,10001522,
SOL,"California State Prison, Solano",10002323,
SQ,San Quentin Rehabilitation Center,10000790,SQRC
SVSP,Salinas Valley State Prison,10000821,
VSP,Valley State Prison,10000802,
WSP,Wasco State Prison,10000847,
