cdcr_code,facility,building,area_as_stated,space,program,cooling_as_stated,cooling_type,condition_note,basis,observed,source,page,quote
CCI,,,toured housing units,housing,,"no air conditioning, fans, swamp coolers, or misters in dayrooms or cells",none,,observed,2024-07-23/2024-07-24,coleman_ecf8558_31st_round_heat_report_2025-02-28,48,"none of the toured housing units had dayrooms or individual cells that were equipped with air conditioning, fans, swamp coolers, or misters"
CCI,,,institution,,,no cooling system; fans in some dayrooms,none,,stated,2024-07-23/2024-07-24,coleman_ecf8558_31st_round_heat_report_2025-02-28,38,"CCI did not have any cooling system in place and utilized fans in some examined day rooms"
CCWF,,514,housing unit 514,housing,,swamp coolers,evaporative,"swamp coolers not used for several weeks because broken and leaking; fans unplugged",patient_report,2024-08-22,coleman_ecf8558_31st_round_heat_report_2025-02-28,54,"interviewed patients in housing unit 514 reported that the swamp coolers in the unit had not been utilized for several weeks because they were broken and leaking"
CCWF,,,mainline housing units,housing,,swamp coolers,evaporative,"patients reported frequent breakdowns; plant operations reported new ducts and chillers being added",patient_report;staff_report,2024-08-22,coleman_ecf8558_31st_round_heat_report_2025-02-28,54,"new ducts and chillers were being added to the swamp coolers in the mainline housing units, RHU and the reception center"
CCWF,,,RHU,housing,RHU,swamp coolers,evaporative,"patients reported frequent breakdowns; plant operations reported new ducts and chillers being added",patient_report;staff_report,2024-08-22,coleman_ecf8558_31st_round_heat_report_2025-02-28,54,"new ducts and chillers were being added to the swamp coolers in the mainline housing units, RHU and the reception center"
CCWF,,,reception center,housing,RC,swamp coolers,evaporative,plant operations reported new ducts and chillers being added,staff_report,2024-08-22,coleman_ecf8558_31st_round_heat_report_2025-02-28,54,"new ducts and chillers were being added to the swamp coolers in the mainline housing units, RHU and the reception center"
CCWF,,,institution,,,swamp coolers,evaporative,leadership discussing upgrade to air conditioning,staff_report,2024-08-22,coleman_ecf8558_31st_round_heat_report_2025-02-28,54,"institutional leadership discussions to upgrade the cooling systems at CCWF to air conditioning were ongoing"
CCWF,,,MHCB,health_care,MHCB,air-conditioning,mechanical,"operational at visit; MHCB reduced to three beds until the week before because the air conditioning was not fully operational",observed,2024-08-22,coleman_ecf8558_31st_round_heat_report_2025-02-28,55,"The MHCB featured air-conditioning, which was observed to be fully operational at the time of the visit"
CHCF,,,all 14 PIP housing units,health_care,PIP,air-conditioned,mechanical,,staff_report,2024-10-15/2024-10-17,coleman_ecf8558_31st_round_heat_report_2025-02-28,61,"indicated that all 14 PIP housing units were air-conditioned throughout the review period"
CIW,,,EOP SCU,housing,EOP,air-conditioned,mechanical,,stated,2024-08-26,coleman_ecf8558_31st_round_heat_report_2025-02-28,66,"At CIW, the EOP SCU, the CTC, the PIP, the Walker Unit, and the auditorium were air-conditioned"
CIW,,,CTC,health_care,CTC,air-conditioned,mechanical,,stated,2024-08-26,coleman_ecf8558_31st_round_heat_report_2025-02-28,66,"At CIW, the EOP SCU, the CTC, the PIP, the Walker Unit, and the auditorium were air-conditioned"
CIW,,,PIP,health_care,PIP,air-conditioned,mechanical,,stated,2024-08-26,coleman_ecf8558_31st_round_heat_report_2025-02-28,66,"At CIW, the EOP SCU, the CTC, the PIP, the Walker Unit, and the auditorium were air-conditioned"
CIW,,,Walker Unit,,,air-conditioned,mechanical,,stated,2024-08-26,coleman_ecf8558_31st_round_heat_report_2025-02-28,66,"At CIW, the EOP SCU, the CTC, the PIP, the Walker Unit, and the auditorium were air-conditioned"
CIW,,,auditorium,other,,air-conditioned,mechanical,designated cooling station,stated,2024-08-26,coleman_ecf8558_31st_round_heat_report_2025-02-28,64,"identified the air-conditioned auditorium as a cooling station for the population"
CIW,,,remaining units,housing,,swamp coolers,evaporative,,stated,2024-08-26,coleman_ecf8558_31st_round_heat_report_2025-02-28,66,"while the remaining units utilized swamp coolers"
CMF,,,all PIP housing units,health_care,PIP,air-conditioned,mechanical,air conditioning broken for two days during the review period,staff_report,2024-09-17/2024-09-20,coleman_ecf8558_31st_round_heat_report_2025-02-28,72,"CMF-PIP staff reported that all housing units were air-conditioned throughout the review period"
CRC,,,EOP housing unit,housing,EOP,air-conditioned,mechanical,,observed,2024-10-22/2024-10-24,coleman_ecf8558_31st_round_heat_report_2025-02-28,77,"The EOP housing unit at CRC was air-conditioned at the time of the site visit"
SATF,,,central control booth,custody,,air-conditioned,mechanical,,stated,2024-08-19/2024-08-20,coleman_ecf8558_31st_round_heat_report_2025-02-28,83,"the central control booth, which was air-conditioned"
SATF,,,"all housing units except the CTC and standalone RHU",housing,,swamp coolers through air ducts,evaporative,,staff_report,2024-08-19/2024-08-20,coleman_ecf8558_31st_round_heat_report_2025-02-28,84,"CSATF indicated that swamp coolers supplied cool air to dayrooms and patient cells through air ducts in all housing units with the exception of the CTC and standalone RHU"
SATF,,,CTC,health_care,CTC,air-conditioned,mechanical,,staff_report,2024-08-19/2024-08-20,coleman_ecf8558_31st_round_heat_report_2025-02-28,84,"with the exception of the CTC and standalone RHU, which were air-conditioned during the site visit"
SATF,,,standalone RHU,housing,RHU,air-conditioned,mechanical,,staff_report,2024-08-19/2024-08-20,coleman_ecf8558_31st_round_heat_report_2025-02-28,84,"with the exception of the CTC and standalone RHU, which were air-conditioned during the site visit"
COR,,,"all housing units except the standalone RHU and MHCB",housing,,swamp coolers through air ducts,evaporative,,staff_report,2024-08-20/2024-08-21,coleman_ecf8558_31st_round_heat_report_2025-02-28,91,"all housing units utilized swamp coolers that supplied cool air to dayrooms and patient cells through air ducts"
COR,,,standalone RHU,housing,RHU,air-conditioned,mechanical,,staff_report,2024-08-20/2024-08-21,coleman_ecf8558_31st_round_heat_report_2025-02-28,91,"CSP/Corcoran reported that except the standalone RHU and MHCB, which were air-conditioned units"
COR,,,MHCB,health_care,MHCB,air-conditioned,mechanical,,staff_report,2024-08-20/2024-08-21,coleman_ecf8558_31st_round_heat_report_2025-02-28,91,"CSP/Corcoran reported that except the standalone RHU and MHCB, which were air-conditioned units"
LAC,A,,Facility A housing units,housing,,swamp cooler,evaporative,,observed,2024-08-27,coleman_ecf8558_31st_round_heat_report_2025-02-28,96,"Facilities A through D were equipped with a swamp cooler, while the CTC and RHU were air-conditioned"
LAC,B,,Facility B housing units,housing,,swamp cooler,evaporative,,observed,2024-08-27,coleman_ecf8558_31st_round_heat_report_2025-02-28,96,"Facilities A through D were equipped with a swamp cooler, while the CTC and RHU were air-conditioned"
LAC,C,,Facility C housing units,housing,,swamp cooler,evaporative,hot air blowing out of the vents into observed housing units,observed,2024-08-27,coleman_ecf8558_31st_round_heat_report_2025-02-28,96,"hot air was blowing out of the vents and into observed housing units on C and D yard"
LAC,D,,Facility D housing units,housing,,swamp cooler,evaporative,hot air blowing out of the vents into observed housing units,observed,2024-08-27,coleman_ecf8558_31st_round_heat_report_2025-02-28,96,"hot air was blowing out of the vents and into observed housing units on C and D yard"
LAC,,,CTC,health_care,CTC,air-conditioned,mechanical,,observed,2024-08-27,coleman_ecf8558_31st_round_heat_report_2025-02-28,96,"Facilities A through D were equipped with a swamp cooler, while the CTC and RHU were air-conditioned"
LAC,,,RHU,housing,RHU,air-conditioned,mechanical,,observed,2024-08-27,coleman_ecf8558_31st_round_heat_report_2025-02-28,96,"Facilities A through D were equipped with a swamp cooler, while the CTC and RHU were air-conditioned"
LAC,,,gymnasium,recreation,,air conditioning,mechanical,"air conditioning broken; gymnasium designated as a cooling station",stated,2024-08-27,coleman_ecf8558_31st_round_heat_report_2025-02-28,97,"the air conditioning was broken in the gymnasium, which was designated as a cooling station during the review period"
SAC,,,toured facilities,housing,,swamp coolers through air ducts,evaporative,,stated,2024-08-26,coleman_ecf8558_31st_round_heat_report_2025-02-28,104,"toured facilities utilized swamp coolers that supplied cool air to dayrooms and patient cells through air ducts"
KVSP,,,all toured EOP units,housing,EOP,swamp coolers,evaporative,,stated,2024-07-16/2024-07-17,coleman_ecf8558_31st_round_heat_report_2025-02-28,110,"KVSP used swamp coolers to cool all toured EOP units during the review period"
KVSP,,,Unit 6A control booth,custody,,air-conditioned,mechanical,,observed,2024-07-16/2024-07-17,coleman_ecf8558_31st_round_heat_report_2025-02-28,109,"6A was located in the air-conditioned control booth"
MCSP,D,,Facility D,,,air-conditioned,mechanical,,staff_report,2024-08-27,coleman_ecf8558_31st_round_heat_report_2025-02-28,117,"MCSP reported that the two newest facilities, D and E were air-conditioned"
MCSP,E,,Facility E,,,air-conditioned,mechanical,,staff_report,2024-08-27,coleman_ecf8558_31st_round_heat_report_2025-02-28,117,"MCSP reported that the two newest facilities, D and E were air-conditioned"
MCSP,A,,Facility A,housing,,swamp coolers through air ducts,evaporative,,staff_report,2024-08-27,coleman_ecf8558_31st_round_heat_report_2025-02-28,117,"Facilities A through C used swamp coolers for dayrooms and patient cells through air ducts"
MCSP,B,,Facility B,housing,,swamp coolers through air ducts,evaporative,,staff_report,2024-08-27,coleman_ecf8558_31st_round_heat_report_2025-02-28,117,"Facilities A through C used swamp coolers for dayrooms and patient cells through air ducts"
MCSP,C,,Facility C,housing,,swamp coolers through air ducts,evaporative,,staff_report,2024-08-27,coleman_ecf8558_31st_round_heat_report_2025-02-28,117,"Facilities A through C used swamp coolers for dayrooms and patient cells through air ducts"
SVSP,,,PIP housing units,health_care,PIP,air-conditioned,mechanical,,stated,2024-09-17/2024-09-20,coleman_ecf8558_31st_round_heat_report_2025-02-28,36,"CRC, CHCF-PIP, CMF-PIP, and SVSP-PIP were air-conditioned housing units"
ISP,,,all housing units,housing,,refrigeration cooling,mechanical,,stated,,plata_ecf4013_cms_2026-05-26,10,"have refrigeration cooling in all housing units"
CEN,,,all housing units,housing,,refrigeration cooling,mechanical,,stated,,plata_ecf4013_cms_2026-05-26,10,"have refrigeration cooling in all housing units"
CAL,,,all housing units,housing,,refrigeration cooling,mechanical,,stated,,plata_ecf4013_cms_2026-05-26,10,"have refrigeration cooling in all housing units"
CHCF,,,all housing units,housing,,refrigeration cooling,mechanical,,stated,,plata_ecf4013_cms_2026-05-26,10,"So too does CHCF"
