cdcr_code,dataset,field,value_in_dataset,issue,evidence,evidence_needed,status
SCC,air_cooling_infrastructure_dec2025.csv,n_housing_units,81,"Air Cooling report Table 2 prints 61 housing units, fewer than the 76 air-handler and 5 evaporative units it lists. The dataset uses 81.","Air Cooling report p5 (Table 2): total 61, air handlers only 76, evaporative 5, mechanical 0; the total column sums to the printed 791 only with 81. Air Cooling report p4 (Table 1): 5 180-design + 76 dormitory units = 81. MPAR 2022 p182: 38 Calaveras and Mariposa dorms have heating and ventilation but no cooling. Appendix 2 rates SCC mechanical A/C and evaporative cooling, so both exist somewhere at SCC.",Housing unit list for SCC with each unit's cooling type; whether conservation camp housing is counted; accounts from people housed at SCC of which units have cooling,open
COR,air_cooling_infrastructure_dec2025.csv,hu_air_handlers_only,0,"Air Cooling report Table 2 prints 6 air-handler-only and 24 evaporative units, more than COR's 24 total. The dataset uses 0 air-handler-only units; no record says why.","Air Cooling report p5 (Table 2): total 24, air handlers only 6, evaporative 24, mechanical 0. Coleman Special Master report (ECF 8558) p91, Aug 2024: COR reported all housing units used swamp coolers except the standalone RHU and MHCB.",Housing unit list for COR with each unit's cooling type; accounts from people housed at COR,open
COR,air_cooling_infrastructure_dec2025.csv,n_housing_units,24,Other CDCR documents count 33 housing units at COR.,"Air Cooling report p5 (Table 2) and p4 (Table 1): 24 units, Dec 2025. CDCR Office of Legal Affairs letter of Jan 21 2025 (ECF 8558-1 p26): 'three of its thirty-three housing units (4A1, 4A3, and 3A3)'. OIG audit 24-02 p19-20: 'At Corcoran, 23 of the prison's 33 housing units', from CDCR heat logs Aug 2022-Oct 2023.","Whether COR closed or merged housing units between 2023 and Dec 2025, or the counts define a housing unit differently",open
COR,air_cooling_infrastructure_dec2025.csv,hu_mechanical_cooling,0,"Table 2 shows no mechanical cooling in COR housing, but the Special Master recorded air-conditioned RHU and MHCB units.","Coleman Special Master report (ECF 8558) p91, Aug 2024: 'except the standalone RHU and MHCB, which were air-conditioned units'. Appendix 2 rates COR mechanical A/C 'Fair'. Air Cooling report p5: 0 mechanical.","Whether the RHU and MHCB are counted as housing units in Table 2, and their cooling type in Dec 2025",open
COR,air_cooling_housing_units_dec2025.csv,hu_dormitories,0,"Table 1 lists no dormitory housing units at COR, but COR has 492 dorm beds.","Air Cooling report p4 (Table 1): 10 270-design, 13 180-design, 0 dormitory, 1 non-standard. Infrastructure Master Plan Appendix 1: 2,622 cell beds and 492 dorm beds, Apr 2026.",Which COR housing units hold the dorm beds,open
SATF,air_cooling_infrastructure_dec2025.csv,hu_evaporative_cooling,33,Table 2 lists 33 evaporative units out of 32 total.,"Air Cooling report p5 (Table 2): total 32, evaporative 33, mechanical 2. Coleman Special Master report (ECF 8558) p84: swamp coolers in all housing units except the CTC and standalone RHU (air-conditioned).",Housing unit list for SATF with each unit's cooling type,open
CMF,air_cooling_housing_units_dec2025.csv,design type counts,,Design-type counts in Table 1 exceed the housing unit total in Table 2 by 3.,Air Cooling report p4 (Table 1) vs p5 (Table 2): 56 vs 53.,Housing unit list for CMF with design type,open
SAC,air_cooling_housing_units_dec2025.csv,design type counts,,Design-type counts in Table 1 exceed the housing unit total in Table 2 by 3.,Air Cooling report p4 (Table 1) vs p5 (Table 2): 28 vs 25.,Housing unit list for SAC with design type,open
VSP,air_cooling_housing_units_dec2025.csv,design type counts,,Design-type counts in Table 1 exceed the housing unit total in Table 2 by 6.,Air Cooling report p4 (Table 1) vs p5 (Table 2): 22 vs 16.,Housing unit list for VSP with design type,open
CIM,air_cooling_infrastructure_dec2025.csv,hu_evaporative_cooling,0,"Table 2 shows no evaporative cooling at CIM, but its Facility A retrofit completed in Feb 2025 is evaporative.","Air Cooling report p5 (Table 2): 12 air handlers only, 0 evaporative, 9 mechanical. CEQA #2018128257: Facility A retrofit is evaporative. MPAR 2025: Air Cooling Facility A (P-1718-00132) completed 2/2025. Appendix 2 rates CIM evaporative 'Fair'. Senate Sub 5 agenda 2018-03-15 p27: 'all eight of Facility A’s housing units' (built 1952, HV units without cooling); in crosswalk/buildings.csv as CIM-ph-A-HU1 to A-HU8. If the retrofitted units are counted as mechanical they are 8 of Table 2's 9; if as air handlers only, 8 of its 12.",Cooling type of each CIM Facility A housing unit after the retrofit,open
CAL,CDCR_indoor_78f_days_2025.csv,days_above_78f_2025,137,CAL reports 137 days above 78°F in 2025 although Table 2 lists mechanical cooling in all 24 of its housing units. The report doesn't say how a day is counted.,Air Cooling report p4 (Table 1): 137 days; p5 (Table 2): 24 of 24 units mechanical. Plata ECF 4013 p10: CAL has 'refrigeration cooling in all housing units'.,"How CDCR counts a day above 78°F, and which CAL units exceeded it; accounts from people housed at CAL",open
