facilityid,cdcr_code,name,average_2025_population,capacity_percent_2025,age_over_50_pct,age_over_55_pct,age_50_59_pct,age_60_69_pct,age_70_79_pct,age_80plus_pct,gender_female_pct,gender_male_pct,race_white_pct,race_peopleofcolor_pct,n_housing_units,pct_hu_evaporative,pct_hu_mechanical,pct_hu_air_handlers,building_sqft,cell_beds,dorm_beds,building_sqft_per_design_bed,cond_cooling_mechanical_2026,cond_cooling_evaporative_2026,cond_hydronic_loops_2026,cond_boilers_2026,cond_automated_controls_2026,cond_emergency_electrical_2026,cond_roofs_2026,cooling_types_outside_housing,condition_rank_2026,year_opened,year_opened_notes,planned_closure,california_model_facility,cdcr_air_cooling_pilot,infrastructure_priority_2026,cognitive_behavioral_interventions,rehabilitative_programs,cchcs_high_risk_p1_pct_2025,cchcs_high_risk_p2_pct_2025,cchcs_medium_risk_pct_2025,cchcs_low_risk_pct_2025,cchcs_mental_health_eop_pct_2025,cchcs_dpp_pct_2025,cchcs_age_over_50_pct_2025,cchcs_specialized_beds_2025,sco_state_staff_2025,sco_incarcerated_staff_2025,avg_annual_violent_incidents,rhu_pct_2025
10000826,ASP,Avenal State Prison,3891.0,1.3378,0.29079928039064507,0.168337188383449,0.21890259573374454,0.07157543048059625,0.00032125417630429195,0.0,0.0,0.983230531996916,0.2521416945086953,0.7460164482138267,20.0,1.0,0.0,0.0,1670880.0,100.0,2324.0,689.3,Poor,Fair,Plus,Failing,N/A,N/A,Poor,mechanical,21.0,1987.0,,,,,,Life Skills; Outpatient,Academic Education; Career Technical Education,0.0,0.1,38.4,61.2,0.0,4.0,28.8,28.0,1310.7,54.0,194.2,0.0
10000852,CAC,California City Correctional Center,,,,,,,,,,,,,,,,,,,,,,,,,,,,,,,,,,,,,,,,,,,,,,,,56.0,
10002347,CAL,Calipatria State Prison,2462.0,1.3615,0.09964798266991605,0.04670999187652315,0.07595450852965069,0.02098564852423504,0.0020308692120227455,0.000676956404007582,0.0,1.0,0.10012185215272136,0.9204914703493096,24.0,0.0,1.0,0.0,1157873.0,1600.0,208.0,640.4,Plus,N/A,Poor,Poor,Good,Fair,Poor,,10.0,1992.0,,,,,,Life Skills; Outpatient,Academic Education; Career Technical Education,1.0,3.4,16.9,78.8,0.0,3.9,10.3,18.0,1164.7,10.3,201.4,4.15
10001530,CCI,California Correctional Institution,2434.0,1.6139,0.1770747740345111,0.10339632977266502,0.12366474938373048,0.04724732949876746,0.004108463434675432,0.002054231717337716,0.0,0.986579019446727,0.17981374965762806,0.8293618186798137,22.0,0.0,0.0455,0.9545,1558393.0,1500.0,8.0,1033.4,Fair,N/A,Fair,Fair,Failing,Poor,Fair,,4.0,1954.0,"Opened in 1954 on the site of the former California Institute for Women, which opened in 1932 and closed in 1952 after the 1952 Kern County earthquake.",,,,,Life Skills; Outpatient,Transitions,1.6,7.3,53.4,37.7,6.2,5.7,17.8,16.0,1234.0,,467.0,3.1333
10000801,CCWF,Central California Women's Facility,2040.0,1.0272,0.20522875816993466,0.13872549019607847,0.11830065359477124,0.06356209150326798,0.0184640522875817,0.004901960784313725,0.9777777777777779,0.006372549019607843,0.29183006535947714,0.7066993464052289,16.0,1.0,0.0,0.0,864468.0,200.0,1786.0,435.3,Fair,Fair,N/A,Fair,Poor,Failing,Fair,mechanical,22.0,1990.0,,,Yes,Yes,Yes,Life Skills; Outpatient,Academic Education; Career Technical Education; Transitions,9.4,11.6,59.9,19.2,5.0,14.1,20.8,38.0,1263.3,49.7,327.2,2.6
10002348,CEN,Centinela State Prison,2984.0,1.2931,0.1198614834673816,0.05998659517426273,0.09294012511170688,0.023011617515638964,0.002234137622877569,0.001675603217158177,0.0,0.939454870420018,0.0740895889186774,0.9392314566577301,24.0,0.0,1.0,0.0,1158274.0,2100.0,208.0,501.9,Failing,N/A,Poor,Poor,Poor,Fair,Poor,,2.0,1993.0,,,,,,Life Skills; Outpatient,Academic Education; Career Technical Education; Transitions,1.0,2.4,18.9,77.7,0.0,4.0,12.3,13.0,1286.3,16.0,140.0,2.475
10000799,CHCF,California Health Care Facility - Stockton,2251.0,0.7622,0.631274988893825,0.5384273656152821,0.19650525692284912,0.21545979564637938,0.16836961350510884,0.05094032281948764,0.0,0.9281800681178736,0.3125277654375833,0.7001332741003998,29.0,0.0,1.0,0.0,1513000.0,1845.0,1108.0,512.4,Good,N/A,Failing,Fair,Good,Plus,Good,,31.0,2013.0,"Opened in 2013 on the site of the former Karl Holton Drug and Alcohol Abuse Treatment Center, which opened in 1968 and closed in 2003 as part of consolidation efforts in response to a decline in youth incarceration.",,,,,,Academic Education; Career Technical Education; Transitions,50.9,20.2,21.0,7.7,20.8,55.8,63.3,1678.0,3503.4,6.0,380.2,1.35
10000836,CIM,California Institution for Men,2274.0,1.4177,0.5734388742304309,0.4727352682497801,0.21342714746408678,0.207270595133392,0.13046027557900908,0.022280856053943122,0.0,1.0,0.24717824684843157,0.7568528290823805,21.0,0.0,0.4286,0.5714,1398611.0,954.0,1246.0,635.7,Failing,Fair,Failing,Good,Poor,Failing,Poor,evaporative,1.0,1941.0,,,,,Yes,,Academic Education; Career Technical Education,22.6,25.8,31.4,20.5,7.4,27.0,56.6,78.0,1421.0,48.7,72.4,3.1917
10002341,CIW,California Institution for Women,1187.0,0.927,0.22851727042965458,0.17228306655433867,0.11015164279696714,0.08466722830665543,0.02527379949452401,0.008424599831508003,1.0,0.008424599831508003,0.3271552934568941,0.6763549564729008,11.0,0.6364,0.3636,0.0,601596.0,164.0,1117.0,,Failing,Fair,N/A,N/A,Poor,Fair,Poor,,18.0,1952.0,"The original California Institution for Women was opened in 1932 on the site of the current California Correctional Institution. That facility was closed in 1952 after the 1952 Kern County earthquake, and the women incarcerated in that facility were moved to the current CIW location, which had just opened.",,,,,,Academic Education; Career Technical Education,11.7,13.1,51.6,23.6,5.8,17.2,22.0,98.0,1114.3,24.7,115.0,1.3917
10002345,CMC,California Men's Colony,2172.0,0.8312,0.29097605893186,0.20683701657458564,0.15423572744014732,0.10761970534069981,0.02451657458563536,0.004604051565377533,0.0,1.0,0.20894720687538365,0.8050184162062615,16.0,0.0,0.1875,0.8125,1421718.0,2403.0,210.0,,Fair,Fair,Poor,Poor,Poor,Fair,Poor,evaporative,3.0,1961.0,LAO 2020 Figure 1 lists 1961. Prior entry of 1954 was an error.,,,,,,Academic Education; Career Technical Education,6.7,13.9,51.2,28.1,29.8,11.2,29.5,87.0,1342.3,43.3,172.8,6.4667
10000785,CMF,California Medical Facility,2045.0,0.8816,0.5140586797066015,0.432640586797066,0.1812958435207824,0.1908312958435208,0.11528117359413204,0.02665036674816626,0.0024449877750611247,0.9325183374083129,0.2881825590872046,0.7223716381418093,53.0,0.4717,0.5283,0.0,874378.0,1505.0,811.0,377.5,Poor,Poor,Failing,Failing,Poor,Fair,Fair,,8.0,1955.0,,,,Yes,Yes,Outpatient,Transitions,33.9,21.5,31.3,13.4,24.2,43.9,53.2,501.0,2144.0,50.7,320.6,2.8167
10000824,COR,"California State Prison, Corcoran",2629.0,0.8443,0.4089958158995816,0.29735640928109547,0.2213769494104222,0.14463674400912896,0.03689615823507037,0.006085964244960061,0.0,1.0,0.2105046278686446,0.7950107772283506,24.0,1.0,0.0,0.0,1760224.0,2622.0,492.0,565.3,Fair,Poor,Plus,Plus,Failing,Fair,Poor,mechanical,19.0,1988.0,,,Yes,,Yes,Life Skills; Outpatient,Academic Education; Career Technical Education; Transitions,8.8,15.1,47.6,28.6,9.8,18.4,40.1,92.0,1886.0,67.3,538.8,13.6083
10000857,CRC,California Rehabilitation Center,2330.0,1.2787,0.29334763948497855,0.20107296137339056,0.17521459227467812,0.10203862660944206,0.013948497854077254,0.002145922746781116,0.0,1.0,0.1694206008583691,0.8332618025751072,36.0,0.0278,0.0833,0.8889,,,,,,,,,,,,,,1962.0,"The facility, formerly a Naval hospital, was donated by the federal government in 1962. Women were incarcerated at CRC until 2007.",Yes,,,,Life Skills,Academic Education; Career Technical Education; Transitions,3.3,7.8,41.8,46.9,1.8,4.0,26.0,10.0,1140.0,8.0,133.4,0.0
10000817,CTF,Correctional Training Facility,4225.0,1.5088,0.4875147928994083,0.3426627218934911,0.2777514792899408,0.18349112426035502,0.02390532544378698,0.002366863905325444,0.0,1.0,0.1758777120315582,0.8239842209072978,22.0,0.0455,0.0,0.9545,1458166.0,2594.0,206.0,520.8,Fair,Fair,Fair,Fair,N/A,Poor,Poor,mechanical,11.0,1946.0,LAO 2020 Figure 1 lists 1946. Prior entry of 1948 was an error.,,,,,Life Skills,Academic Education; Career Technical Education; Transitions,5.0,12.6,30.8,52.1,0.0,14.7,48.5,17.0,1243.3,31.3,57.8,2.525
10002346,CVSP,Chuckawalla Valley State Prison,,,,,,,,,,,,,,,,,,,,,,,,,,,,,,1988.0,,,,,,,,,,,,,,,,,,18.2,
10000780,FOL,Folsom State Prison,2777.0,1.3448,0.27412675549153764,0.1901332373064458,0.15727403673028448,0.09146561037090385,0.021786100108030247,0.0036010082823190494,0.0,1.0,0.1217740967470892,0.8839274996999159,16.0,0.75,0.25,0.0,1121481.0,1800.0,265.0,543.1,Fair,Fair,Poor,Poor,Fair,Fair,Poor,,16.0,1880.0,,,,,,Life Skills,Academic Education; Career Technical Education,3.5,8.5,30.2,57.5,0.0,3.4,26.8,,1049.7,51.0,114.4,4.325
10006530,FWF,Folsom Women's Facility,,,,,,,,,,,,,,,,,,,,,,,,,,,,,,2013.0,"Women's facility co-located at Folsom State Prison (FOL), opened 2013.",,,,,,,,,,,,,,,,,,
10002310,HDSP,High Desert State Prison,2719.0,1.3065,0.21147480691430673,0.13782640676719382,0.12752850312614933,0.07208532548731152,0.008183155571901435,0.003677822728944465,0.0,1.0,0.19863307588574233,0.8000796861591273,29.0,0.9655,0.0345,0.0,1230785.0,1868.0,213.0,591.4,Fair,Fair,Fair,Poor,Fair,Good,Poor,,13.0,1995.0,,,,,,Outpatient,,4.9,7.8,52.4,34.9,3.8,17.9,20.3,30.0,1333.3,14.0,340.2,3.6667
10000861,ISP,Ironwood State Prison,2764.0,1.2521,0.3319464544138929,0.21562952243125905,0.20875542691751087,0.11387481910274964,0.007507235890014472,0.001808972503617945,0.0,0.9561324167872648,0.13374336710082008,0.8630607814761215,23.0,0.0,1.0,0.0,1125271.0,2000.0,208.0,509.6,Good,N/A,Poor,Poor,Good,Good,Good,,23.0,1994.0,,,,,,Life Skills; Outpatient,Career Technical Education; Transitions,2.0,6.9,16.9,74.2,0.0,7.6,35.8,14.0,1146.0,13.3,152.8,2.525
10000844,KVSP,Kern Valley State Prison,3092.0,1.263,0.14860931435963778,0.085624191461837,0.10583764553686933,0.03792043984476067,0.003234152652005175,0.0016170763260025874,0.0,1.0,0.09494933160845191,0.9123814144027597,20.0,0.0,0.1,0.9,1441786.0,2248.0,200.0,589.0,Fair,Fair,N/A,Fair,Failing,Good,Fair,evaporative,24.0,2005.0,,,,Yes,,Life Skills; Outpatient,Academic Education; Career Technical Education; Transitions,4.4,8.8,53.2,33.7,10.9,12.2,14.8,22.0,1617.7,18.0,618.0,6.425
10002353,LAC,"California State Prison, Los Angeles County",2949.0,1.2822,0.25186503899626994,0.16793828416412343,0.1534418446931163,0.08146829433706342,0.01356391997287216,0.00339097999321804,0.0,1.0,0.10675935345314795,0.9018028710297276,22.0,0.9545,0.0455,0.0,1229337.0,2100.0,200.0,534.5,Fair,Poor,N/A,Fair,Fair,Poor,Fair,,25.0,1993.0,,,,Yes,,Life Skills; Outpatient,Academic Education; Career Technical Education,11.7,15.1,49.8,23.1,20.5,21.5,25.0,16.0,1571.3,,708.8,7.075
10000782,MCSP,Mule Creek State Prison,3761.0,1.1452,0.390388194629088,0.29898963041744214,0.18086944961446424,0.13234512097846318,0.0648763626695028,0.012297261366657803,0.0,1.0,0.30003102011876276,0.7051094567047772,22.0,0.8636,0.1364,0.0,1640639.0,1500.0,1784.0,499.6,Poor,Poor,Poor,Poor,Poor,Poor,Poor,,5.0,1987.0,,,,,,Outpatient,Transitions,19.9,18.6,44.4,16.9,21.1,26.8,38.2,10.0,1631.7,44.7,451.4,2.725
10000841,NKSP,North Kern State Prison,2570.0,1.3452,0.1308365758754864,0.07285992217898833,0.09552529182879377,0.027918287937743192,0.004474708171206225,0.0029182879377431907,0.0,1.0,0.19542801556420233,0.813780804150454,25.0,0.96,0.04,0.0,922063.0,1700.0,210.0,482.8,Fair,Poor,N/A,Plus,N/A,Fair,Poor,,29.0,1993.0,,,,,,Life Skills; Outpatient,Academic Education; Career Technical Education,1.5,4.4,46.9,47.2,3.1,3.8,13.2,16.0,1378.7,10.0,403.4,3.3667
10002309,PBSP,Pelican Bay State Prison,2096.0,1.1618,0.2563613231552163,0.16793893129770993,0.1628498727735369,0.0780852417302799,0.013040712468193383,0.002385496183206107,0.0,0.9626272264631044,0.19950699745547074,0.8045881043256998,29.0,0.0,0.0345,0.9655,1219660.0,1604.0,200.0,676.1,Good,Fair,Good,Fair,Poor,Fair,Failing,evaporative,30.0,1989.0,,,,,,Life Skills; Outpatient,,3.0,8.8,53.0,35.4,4.5,10.2,25.9,19.0,1112.0,14.0,241.8,4.7583
10000810,PVSP,Pleasant Valley State Prison,2992.0,1.2962,0.10438948306595365,0.05069073083778966,0.0837789661319073,0.020610516934046346,0.0,0.0,0.0,0.955548128342246,0.21019942067736183,0.796401515151515,23.0,0.9565,0.0435,0.0,1172052.0,2100.0,208.0,507.8,Fair,Fair,N/A,N/A,Poor,Fair,Fair,,27.0,1994.0,,,,,,Life Skills; Outpatient,Career Technical Education; Transitions,0.0,0.5,43.5,55.8,5.1,4.2,11.8,15.0,1337.3,9.7,182.2,3.3333
10000869,RJD,RJ Donovan Correctional Facility,3592.0,1.2003,0.42668893838158867,0.32331106161841133,0.20489977728285078,0.15330363771343725,0.05939123979213066,0.00909428359317001,0.0,0.9346696362286563,0.23334261321455085,0.7720165181885672,23.0,0.0,0.3478,0.6522,1611310.0,2000.0,992.0,538.5,Poor,N/A,Failing,Failing,Failing,Fair,Poor,,6.0,1987.0,,,Yes,,,Life Skills; Outpatient,Academic Education; Career Technical Education; Transitions,21.3,20.8,40.0,17.8,25.5,33.5,44.8,28.0,1924.0,34.0,429.4,3.5917
10002322,SAC,"California State Prison, Sacramento",2131.0,1.1657,0.24964805255748476,0.17675582668543718,0.12732676364773973,0.09134991396840293,0.028625058657907085,0.002346316283435007,0.0,0.9770061004223369,0.16103550758642265,0.8562490223682153,25.0,0.92,0.08,0.0,1337271.0,1636.0,192.0,731.5,Fair,Fair,Good,Fair,Poor,Poor,Poor,,28.0,1986.0,,,Yes,,,,Academic Education; Career Technical Education,11.8,22.8,47.2,18.2,41.2,16.6,23.7,26.0,1599.3,,835.8,12.7333
10000825,SATF,California Substance Abuse Treatment Facility,5358.0,1.565,0.33818589025755885,0.24636058230683094,0.17836257309941522,0.12927709344282695,0.026875699888017916,0.0036705238272987427,0.0,0.9777902202314296,0.20212765957446807,0.8041091203185267,32.0,1.0312,0.0625,0.0,1693044.0,1612.0,1812.0,494.5,Fair,Fair,N/A,Good,N/A,Good,Poor,,26.0,1997.0,,,Yes,,,,Academic Education; Career Technical Education; Cognitive Behavioral Intervention - Sex Offender; Transitions,8.5,12.7,52.2,26.8,11.5,25.4,34.9,38.0,1947.0,,460.6,1.9167
10001522,SCC,Sierra Conservation Center,4035.0,0.8116,0.10260223048327138,0.052705493597686906,0.08137133415943826,0.018752581577860385,0.0024783147459727386,0.0,0.0,1.0,0.2033250722841801,0.796489054109872,81.0,0.0617,0.0,0.9383,697986.0,500.0,4092.0,,Fair,Fair,Fair,Fair,Poor,Poor,Poor,mechanical,14.0,1965.0,,,,,Yes,Life Skills; Outpatient,Academic Education; Career Technical Education,0.0,1.2,12.2,86.1,0.0,2.3,10.0,,1277.0,6.0,253.4,2.8917
10002323,SOL,"California State Prison, Solano",3735.0,1.4401,0.29834895136099954,0.21311914323962516,0.15100401606425704,0.09879518072289156,0.04221329763498438,0.006336456938866576,0.0,1.0,0.07066041945560018,0.9250111557340472,25.0,0.24,0.16,0.6,1271322.0,1184.0,720.0,667.7,Fair,Fair,Plus,N/A,Poor,Poor,Poor,,9.0,1984.0,,,,,,,Academic Education; Career Technical Education,7.6,10.9,25.3,56.4,0.0,14.3,28.5,15.0,1310.3,,179.8,2.95
10000790,SQ,San Quentin Rehabilitation Center,2688.0,0.8716,0.5341021825396826,0.4342757936507937,0.21738591269841268,0.21825396825396828,0.08705357142857142,0.01140873015873016,0.0,1.0,0.2575024801587301,0.7486049107142857,11.0,0.0,0.0,1.0,1623250.0,2569.0,515.0,526.3,Poor,Poor,N/A,Plus,Fair,Good,Poor,mechanical; evaporative,15.0,1852.0,,,Yes,,,,,16.1,21.2,36.7,26.4,9.2,16.2,51.0,50.0,1591.0,17.7,101.2,2.5917
10000821,SVSP,Salinas Valley State Prison,2387.0,0.9736,0.2100265326071778,0.13461807010194107,0.13028906577293675,0.06926406926406926,0.007680491551459294,0.0027929060187124703,0.0,0.9955313503700601,0.13440860215053763,0.882802681189778,23.0,0.8696,0.1304,0.0,1322596.0,2252.0,200.0,539.4,Fair,Fair,Good,N/A,Fair,Good,Fair,,17.0,1996.0,,,Yes,,,Life Skills; Outpatient,Academic Education; Career Technical Education; Transitions,10.0,12.4,48.8,28.7,11.4,17.8,21.1,186.7,1636.0,31.0,913.8,4.5667
10000802,VSP,Valley State Prison,3148.0,1.6053,0.4761753494282083,0.3855357899195256,0.20616264294790343,0.20700974163490046,0.05357899195256247,0.009423972892842017,0.0,0.9780813214739518,0.27636594663278274,0.7310726387124099,16.0,1.0,0.0,0.0,796490.0,188.0,1773.0,406.2,Poor,Poor,Poor,Poor,Poor,Good,Poor,mechanical,12.0,1995.0,,,Yes,,,,Academic Education; Career Technical Education; Transitions,13.0,16.1,39.8,31.1,10.4,34.2,48.8,20.0,1180.7,,136.4,1.0083
10000847,WSP,Wasco State Prison,3676.0,1.5419,0.12332245194051508,0.07100108813928183,0.08668842945230323,0.03119332607907145,0.004533913674283641,0.0009067827348567284,0.0,1.0,0.19815469713456654,0.8020946681175191,28.0,1.0,0.0,0.0,982547.0,1100.0,1284.0,412.1,Fair,Poor,N/A,Poor,Failing,Fair,Poor,mechanical,7.0,1991.0,,,,,,Life Skills; Outpatient,Academic Education; Career Technical Education; Transitions,1.4,4.6,48.4,45.5,3.4,5.2,12.3,16.0,1523.0,16.3,300.0,2.15
