year,month,cdcr_code,in_custody
2026,1,ASP,3815
2026,1,CIW,1095
2026,1,CMC,2165
2026,1,CMF,2160
2026,1,COR,2625
2026,1,CRC,826
2026,1,CTF,4268
2026,1,FOL,2724
2026,1,HDSP,2908
2026,1,ISP,3248
2026,1,KVSP,3253
2026,1,LAC,3141
2026,1,MCSP,3470
2026,1,NKSP,2803
2026,1,PBSP,1955
2026,1,PVSP,3110
2026,1,RJD,3841
2026,1,SAC,2165
2026,1,CAL,2503
2026,1,SATF,5235
2026,1,SCC,4103
2026,1,SOL,3721
2026,1,SQ,2499
2026,1,SVSP,2329
2026,1,VSP,3172
2026,1,WSP,3265
2026,1,CPMP,
2026,1,FCRF,355
2026,1,Alternative Custody Program,
2026,1,Department of State Hospitals,180
2026,1,Male Community Reentry Facility,766
2026,1,Medical Reprieve Program,
2026,1,CCI,2329
2026,1,CCWF,2182
2026,1,CEN,3103
2026,1,CHCF,2354
2026,1,CIM,2346
2026,2,ASP,3882
2026,2,CIW,1081
2026,2,CMC,2116
2026,2,CMF,2158
2026,2,COR,2582
2026,2,CRC,603
2026,2,CTF,4362
2026,2,FOL,2678
2026,2,HDSP,2924
2026,2,ISP,3378
2026,2,KVSP,3281
2026,2,LAC,3259
2026,2,MCSP,3536
2026,2,NKSP,2713
2026,2,PBSP,1706
2026,2,PVSP,3133
2026,2,RJD,3968
2026,2,SAC,2167
2026,2,CAL,2530
2026,2,SATF,5255
2026,2,SCC,4104
2026,2,SOL,3445
2026,2,SQ,2467
2026,2,SVSP,2343
2026,2,VSP,3111
2026,2,WSP,3319
2026,2,CPMP,
2026,2,FCRF,349
2026,2,Alternative Custody Program,
2026,2,Department of State Hospitals,174
2026,2,Male Community Reentry Facility,769
2026,2,Medical Reprieve Program,
2026,2,CCI,2371
2026,2,CCWF,2184
2026,2,CEN,3125
2026,2,CHCF,2392
2026,2,CIM,2326
2026,3,ASP,3882
2026,3,CIW,1080
2026,3,CMC,2133
2026,3,CMF,2132
2026,3,COR,2577
2026,3,CRC,490
2026,3,CTF,4361
2026,3,FOL,2744
2026,3,HDSP,2858
2026,3,ISP,3462
2026,3,KVSP,3291
2026,3,LAC,3330
2026,3,MCSP,3751
2026,3,NKSP,2754
2026,3,PBSP,1675
2026,3,PVSP,3151
2026,3,RJD,3932
2026,3,SAC,2195
2026,3,CAL,2535
2026,3,SATF,5301
2026,3,SCC,4137
2026,3,SOL,3024
2026,3,SQ,2407
2026,3,SVSP,2332
2026,3,VSP,3047
2026,3,WSP,3287
2026,3,CPMP,10
2026,3,FCRF,346
2026,3,Alternative Custody Program,
2026,3,Department of State Hospitals,183
2026,3,Male Community Reentry Facility,784
2026,3,Medical Reprieve Program,
2026,3,CCI,2378
2026,3,CCWF,2203
2026,3,CEN,3196
2026,3,CHCF,2432
2026,3,CIM,2303
2026,4,ASP,3804
2026,4,CIW,1120
2026,4,CMC,2199
2026,4,CMF,2098
2026,4,COR,2683
2026,4,CRC,423
2026,4,CTF,4332
2026,4,FOL,2841
2026,4,HDSP,2854
2026,4,ISP,3516
2026,4,KVSP,3201
2026,4,LAC,3302
2026,4,MCSP,3807
2026,4,NKSP,2766
2026,4,PBSP,1942
2026,4,PVSP,3228
2026,4,RJD,3892
2026,4,SAC,2230
2026,4,CAL,2550
2026,4,SATF,5261
2026,4,SCC,4099
2026,4,SOL,2816
2026,4,SQ,2355
2026,4,SVSP,2285
2026,4,VSP,2973
2026,4,WSP,3291
2026,4,CPMP,
2026,4,FCRF,338
2026,4,Alternative Custody Program,
2026,4,Department of State Hospitals,177
2026,4,Male Community Reentry Facility,763
2026,4,Medical Reprieve Program,
2026,4,CCI,2346
2026,4,CCWF,2178
2026,4,CEN,3253
2026,4,CHCF,2406
2026,4,CIM,2319
2026,5,ASP,3827
2026,5,CIW,1107
2026,5,CMC,2248
2026,5,CMF,2043
2026,5,COR,2677
2026,5,CRC,292
2026,5,CTF,4308
2026,5,FOL,2838
2026,5,HDSP,2784
2026,5,ISP,3457
2026,5,KVSP,3226
2026,5,LAC,3266
2026,5,MCSP,3761
2026,5,NKSP,2620
2026,5,PBSP,2156
2026,5,PVSP,3210
2026,5,RJD,3868
2026,5,SAC,2208
2026,5,CAL,2575
2026,5,SATF,5209
2026,5,SCC,4152
2026,5,SOL,2701
2026,5,SQ,2323
2026,5,SVSP,2270
2026,5,VSP,2907
2026,5,WSP,3240
2026,5,CPMP,10
2026,5,FCRF,341
2026,5,Alternative Custody Program,
2026,5,Department of State Hospitals,187
2026,5,Male Community Reentry Facility,741
2026,5,Medical Reprieve Program,
2026,5,CCI,2313
2026,5,CCWF,2162
2026,5,CEN,3234
2026,5,CHCF,2396
2026,5,CIM,2594
2026,6,ASP,3838
2026,6,CIW,1129
2026,6,CMC,2324
2026,6,CMF,2042
2026,6,COR,2645
2026,6,CRC,146
2026,6,CTF,4266
2026,6,FOL,2756
2026,6,HDSP,2826
2026,6,ISP,3438
2026,6,KVSP,3257
2026,6,LAC,3223
2026,6,MCSP,3700
2026,6,NKSP,2792
2026,6,PBSP,2188
2026,6,PVSP,3149
2026,6,RJD,3852
2026,6,SAC,2169
2026,6,CAL,2573
2026,6,SATF,5238
2026,6,SCC,4137
2026,6,SOL,2627
2026,6,SQ,2281
2026,6,SVSP,2259
2026,6,VSP,2890
2026,6,WSP,3423
2026,6,CPMP,10
2026,6,FCRF,341
2026,6,Alternative Custody Program,
2026,6,Department of State Hospitals,188
2026,6,Male Community Reentry Facility,747
2026,6,Medical Reprieve Program,
2026,6,CCI,2295
2026,6,CCWF,2170
2026,6,CEN,3229
2026,6,CHCF,2447
2026,6,CIM,2846
2025,1,ASP,3784
2025,1,CIW,1281
2025,1,CMC,2200
2025,1,CMF,1870
2025,1,COR,2664
2025,1,CRC,2737
2025,1,CTF,4346
2025,1,FOL,2765
2025,1,HDSP,2801
2025,1,ISP,2823
2025,1,KVSP,3182
2025,1,LAC,3113
2025,1,MCSP,3852
2025,1,NKSP,2697
2025,1,PBSP,2030
2025,1,PVSP,2899
2025,1,RJD,3273
2025,1,SAC,2113
2025,1,CAL,2485
2025,1,SATF,5146
2025,1,SCC,4170
2025,1,SOL,3882
2025,1,SQ,2931
2025,1,SVSP,2356
2025,1,VSP,3132
2025,1,WSP,3834
2025,1,CPMP,
2025,1,FCRF,358
2025,1,Alternative Custody Program,11
2025,1,Department of State Hospitals,179
2025,1,Male Community Reentry Facility,656
2025,1,Medical Reprieve Program,
2025,1,CCI,2371
2025,1,CCWF,1995
2025,1,CEN,2794
2025,1,CHCF,2095
2025,1,CIM,2238
2025,2,ASP,3765
2025,2,CIW,1241
2025,2,CMC,2205
2025,2,CMF,1891
2025,2,COR,2632
2025,2,CRC,2756
2025,2,CTF,4324
2025,2,FOL,2817
2025,2,HDSP,2793
2025,2,ISP,2610
2025,2,KVSP,3153
2025,2,LAC,3144
2025,2,MCSP,3805
2025,2,NKSP,2650
2025,2,PBSP,2018
2025,2,PVSP,2834
2025,2,RJD,3366
2025,2,SAC,2058
2025,2,CAL,2539
2025,2,SATF,5234
2025,2,SCC,4180
2025,2,SOL,3875
2025,2,SQ,2879
2025,2,SVSP,2370
2025,2,VSP,3083
2025,2,WSP,3819
2025,2,CPMP,
2025,2,FCRF,383
2025,2,Alternative Custody Program,
2025,2,Department of State Hospitals,191
2025,2,Male Community Reentry Facility,674
2025,2,Medical Reprieve Program,
2025,2,CCI,2420
2025,2,CCWF,2023
2025,2,CEN,2797
2025,2,CHCF,2079
2025,2,CIM,2310
2025,3,ASP,3809
2025,3,CIW,1228
2025,3,CMC,2185
2025,3,CMF,1909
2025,3,COR,2618
2025,3,CRC,2698
2025,3,CTF,4304
2025,3,FOL,2829
2025,3,HDSP,2903
2025,3,ISP,2514
2025,3,KVSP,3072
2025,3,LAC,3081
2025,3,MCSP,3803
2025,3,NKSP,2596
2025,3,PBSP,2005
2025,3,PVSP,2844
2025,3,RJD,3433
2025,3,SAC,2075
2025,3,CAL,2555
2025,3,SATF,5337
2025,3,SCC,4110
2025,3,SOL,3882
2025,3,SQ,2865
2025,3,SVSP,2403
2025,3,VSP,3022
2025,3,WSP,3644
2025,3,CPMP,
2025,3,FCRF,407
2025,3,Alternative Custody Program,
2025,3,Department of State Hospitals,193
2025,3,Male Community Reentry Facility,679
2025,3,Medical Reprieve Program,
2025,3,CCI,2413
2025,3,CCWF,2005
2025,3,CEN,2819
2025,3,CHCF,2094
2025,3,CIM,2347
2025,4,ASP,3945
2025,4,CIW,1217
2025,4,CMC,2225
2025,4,CMF,1966
2025,4,COR,2648
2025,4,CRC,2762
2025,4,CTF,4290
2025,4,FOL,2855
2025,4,HDSP,2823
2025,4,ISP,2624
2025,4,KVSP,3111
2025,4,LAC,2854
2025,4,MCSP,3775
2025,4,NKSP,2517
2025,4,PBSP,2006
2025,4,PVSP,2981
2025,4,RJD,3471
2025,4,SAC,2063
2025,4,CAL,2482
2025,4,SATF,5410
2025,4,SCC,4026
2025,4,SOL,3789
2025,4,SQ,2805
2025,4,SVSP,2328
2025,4,VSP,3013
2025,4,WSP,3603
2025,4,CPMP,
2025,4,FCRF,404
2025,4,Alternative Custody Program,
2025,4,Department of State Hospitals,195
2025,4,Male Community Reentry Facility,683
2025,4,Medical Reprieve Program,
2025,4,CCI,2479
2025,4,CCWF,1988
2025,4,CEN,2901
2025,4,CHCF,2212
2025,4,CIM,2312
2025,5,ASP,3992
2025,5,CIW,1199
2025,5,CMC,2253
2025,5,CMF,2023
2025,5,COR,2625
2025,5,CRC,2744
2025,5,CTF,4246
2025,5,FOL,2867
2025,5,HDSP,2715
2025,5,ISP,2621
2025,5,KVSP,3113
2025,5,LAC,2687
2025,5,MCSP,3781
2025,5,NKSP,2410
2025,5,PBSP,2005
2025,5,PVSP,2959
2025,5,RJD,3555
2025,5,SAC,2145
2025,5,CAL,2429
2025,5,SATF,5406
2025,5,SCC,3980
2025,5,SOL,3706
2025,5,SQ,2722
2025,5,SVSP,2375
2025,5,VSP,3045
2025,5,WSP,3816
2025,5,CPMP,
2025,5,FCRF,411
2025,5,Alternative Custody Program,
2025,5,Department of State Hospitals,191
2025,5,Male Community Reentry Facility,691
2025,5,Medical Reprieve Program,
2025,5,CCI,2472
2025,5,CCWF,2027
2025,5,CEN,2951
2025,5,CHCF,2309
2025,5,CIM,2262
2025,6,ASP,4028
2025,6,CIW,1235
2025,6,CMC,2209
2025,6,CMF,2071
2025,6,COR,2588
2025,6,CRC,2735
2025,6,CTF,4227
2025,6,FOL,2830
2025,6,HDSP,2635
2025,6,ISP,2649
2025,6,KVSP,3160
2025,6,LAC,2750
2025,6,MCSP,3795
2025,6,NKSP,2384
2025,6,PBSP,2032
2025,6,PVSP,2900
2025,6,RJD,3585
2025,6,SAC,2175
2025,6,CAL,2365
2025,6,SATF,5399
2025,6,SCC,3948
2025,6,SOL,3595
2025,6,SQ,2702
2025,6,SVSP,2363
2025,6,VSP,3057
2025,6,WSP,3938
2025,6,CPMP,
2025,6,FCRF,410
2025,6,Alternative Custody Program,
2025,6,Department of State Hospitals,191
2025,6,Male Community Reentry Facility,699
2025,6,Medical Reprieve Program,
2025,6,CCI,2423
2025,6,CCWF,1962
2025,6,CEN,2983
2025,6,CHCF,2277
2025,6,CIM,2268
2025,7,ASP,4040
2025,7,CIW,1210
2025,7,CMC,2154
2025,7,CMF,2091
2025,7,COR,2569
2025,7,CRC,2795
2025,7,CTF,4172
2025,7,FOL,2783
2025,7,HDSP,2530
2025,7,ISP,2698
2025,7,KVSP,3128
2025,7,LAC,2878
2025,7,MCSP,3796
2025,7,NKSP,2266
2025,7,PBSP,2101
2025,7,PVSP,2997
2025,7,RJD,3653
2025,7,SAC,2178
2025,7,CAL,2373
2025,7,SATF,5385
2025,7,SCC,3908
2025,7,SOL,3558
2025,7,SQ,2626
2025,7,SVSP,2377
2025,7,VSP,3134
2025,7,WSP,3968
2025,7,CPMP,
2025,7,FCRF,410
2025,7,Alternative Custody Program,
2025,7,Department of State Hospitals,195
2025,7,Male Community Reentry Facility,709
2025,7,Medical Reprieve Program,
2025,7,CCI,2394
2025,7,CCWF,1983
2025,7,CEN,2952
2025,7,CHCF,2280
2025,7,CIM,2244
2025,8,ASP,3932
2025,8,CIW,1150
2025,8,CMC,2086
2025,8,CMF,2096
2025,8,COR,2580
2025,8,CRC,2610
2025,8,CTF,4166
2025,8,FOL,2726
2025,8,HDSP,2383
2025,8,ISP,2722
2025,8,KVSP,3061
2025,8,LAC,3032
2025,8,MCSP,3808
2025,8,NKSP,2407
2025,8,PBSP,2176
2025,8,PVSP,3081
2025,8,RJD,3712
2025,8,SAC,2158
2025,8,CAL,2380
2025,8,SATF,5377
2025,8,SCC,3899
2025,8,SOL,3568
2025,8,SQ,2596
2025,8,SVSP,2394
2025,8,VSP,3278
2025,8,WSP,3800
2025,8,CPMP,
2025,8,FCRF,402
2025,8,Alternative Custody Program,
2025,8,Department of State Hospitals,189
2025,8,Male Community Reentry Facility,742
2025,8,Medical Reprieve Program,
2025,8,CCI,2488
2025,8,CCWF,2033
2025,8,CEN,3016
2025,8,CHCF,2298
2025,8,CIM,2229
2025,9,ASP,3933
2025,9,CIW,1136
2025,9,CMC,2100
2025,9,CMF,2134
2025,9,COR,2615
2025,9,CRC,2153
2025,9,CTF,4176
2025,9,FOL,2731
2025,9,HDSP,2593
2025,9,ISP,2844
2025,9,KVSP,2884
2025,9,LAC,3085
2025,9,MCSP,3738
2025,9,NKSP,2557
2025,9,PBSP,2188
2025,9,PVSP,3066
2025,9,RJD,3731
2025,9,SAC,2175
2025,9,CAL,2405
2025,9,SATF,5403
2025,9,SCC,3964
2025,9,SOL,3676
2025,9,SQ,2581
2025,9,SVSP,2437
2025,9,VSP,3297
2025,9,WSP,3444
2025,9,CPMP,
2025,9,FCRF,404
2025,9,Alternative Custody Program,
2025,9,Department of State Hospitals,196
2025,9,Male Community Reentry Facility,767
2025,9,Medical Reprieve Program,
2025,9,CCI,2519
2025,9,CCWF,2061
2025,9,CEN,3081
2025,9,CHCF,2334
2025,9,CIM,2278
2025,10,ASP,3852
2025,10,CIW,1128
2025,10,CMC,2110
2025,10,CMF,2149
2025,10,COR,2706
2025,10,CRC,1632
2025,10,CTF,4154
2025,10,FOL,2737
2025,10,HDSP,2739
2025,10,ISP,2913
2025,10,KVSP,2917
2025,10,LAC,2786
2025,10,MCSP,3731
2025,10,NKSP,2726
2025,10,PBSP,2226
2025,10,PVSP,3142
2025,10,RJD,3788
2025,10,SAC,2144
2025,10,CAL,2516
2025,10,SATF,5472
2025,10,SCC,4073
2025,10,SOL,3741
2025,10,SQ,2532
2025,10,SVSP,2452
2025,10,VSP,3270
2025,10,WSP,3405
2025,10,CPMP,
2025,10,FCRF,399
2025,10,Alternative Custody Program,
2025,10,Department of State Hospitals,195
2025,10,Male Community Reentry Facility,779
2025,10,Medical Reprieve Program,
2025,10,CCI,2458
2025,10,CCWF,2101
2025,10,CEN,3188
2025,10,CHCF,2350
2025,10,CIM,2276
2025,11,ASP,3796
2025,11,CIW,1123
2025,11,CMC,2135
2025,11,CMF,2153
2025,11,COR,2649
2025,11,CRC,1335
2025,11,CTF,4164
2025,11,FOL,2680
2025,11,HDSP,2814
2025,11,ISP,2983
2025,11,KVSP,3070
2025,11,LAC,2915
2025,11,MCSP,3697
2025,11,NKSP,2784
2025,11,PBSP,2195
2025,11,PVSP,3113
2025,11,RJD,3758
2025,11,SAC,2135
2025,11,CAL,2502
2025,11,SATF,5412
2025,11,SCC,4064
2025,11,SOL,3768
2025,11,SQ,2507
2025,11,SVSP,2426
2025,11,VSP,3245
2025,11,WSP,3470
2025,11,CPMP,
2025,11,FCRF,381
2025,11,Alternative Custody Program,
2025,11,Department of State Hospitals,191
2025,11,Male Community Reentry Facility,787
2025,11,Medical Reprieve Program,
2025,11,CCI,2392
2025,11,CCWF,2130
2025,11,CEN,3181
2025,11,CHCF,2336
2025,11,CIM,2232
2025,12,ASP,3821
2025,12,CIW,1099
2025,12,CMC,2201
2025,12,CMF,2183
2025,12,COR,2657
2025,12,CRC,999
2025,12,CTF,4131
2025,12,FOL,2706
2025,12,HDSP,2896
2025,12,ISP,3172
2025,12,KVSP,3249
2025,12,LAC,3066
2025,12,MCSP,3546
2025,12,NKSP,2840
2025,12,PBSP,2169
2025,12,PVSP,3083
2025,12,RJD,3773
2025,12,SAC,2149
2025,12,CAL,2509
2025,12,SATF,5319
2025,12,SCC,4103
2025,12,SOL,3783
2025,12,SQ,2506
2025,12,SVSP,2367
2025,12,VSP,3200
2025,12,WSP,3369
2025,12,CPMP,
2025,12,FCRF,380
2025,12,Alternative Custody Program,
2025,12,Department of State Hospitals,187
2025,12,Male Community Reentry Facility,778
2025,12,Medical Reprieve Program,
2025,12,CCI,2376
2025,12,CCWF,2168
2025,12,CEN,3150
2025,12,CHCF,2351
2025,12,CIM,2293
2024,1,ASP,4717
2024,1,CIW,1185
2024,1,CMC,2249
2024,1,CMF,2177
2024,1,COR,3452
2024,1,CRC,3128
2024,1,CTF,4122
2024,1,CVSP,1756
2024,1,FOL,2765
2024,1,HDSP,2246
2024,1,ISP,2532
2024,1,KVSP,2928
2024,1,LAC,2894
2024,1,MCSP,3935
2024,1,NKSP,3772
2024,1,PBSP,1433
2024,1,PVSP,2707
2024,1,RJD,3299
2024,1,SAC,1835
2024,1,CAL,2654
2024,1,SATF,4417
2024,1,SCC,3940
2024,1,SOL,3895
2024,1,SQ,3551
2024,1,SVSP,2628
2024,1,VSP,3147
2024,1,WSP,3774
2024,1,CPMP,
2024,1,Alternative Custody Program,102
2024,1,Custody to Community Transitional Reentry Program,381
2024,1,Department of State Hospitals,136
2024,1,Male Community Reentry Facility,626
2024,1,Medical Parole,43
2024,1,Medical Reprieve Program,
2024,1,CCI,1784
2024,1,CCWF,2183
2024,1,CEN,2894
2024,1,CHCF,2238
2024,1,CIM,2194
2024,2,ASP,4862
2024,2,CIW,1171
2024,2,CMC,2320
2024,2,CMF,2186
2024,2,COR,3442
2024,2,CRC,3190
2024,2,CTF,4086
2024,2,CVSP,1499
2024,2,FOL,2710
2024,2,HDSP,2387
2024,2,ISP,2600
2024,2,KVSP,2994
2024,2,LAC,3017
2024,2,MCSP,3931
2024,2,NKSP,3485
2024,2,PBSP,1545
2024,2,PVSP,2717
2024,2,RJD,3301
2024,2,SAC,1865
2024,2,CAL,2591
2024,2,SATF,4216
2024,2,SCC,3984
2024,2,SOL,3948
2024,2,SQ,3556
2024,2,SVSP,2625
2024,2,VSP,3093
2024,2,WSP,3613
2024,2,CPMP,
2024,2,Alternative Custody Program,95
2024,2,Custody to Community Transitional Reentry Program,379
2024,2,Department of State Hospitals,136
2024,2,Male Community Reentry Facility,622
2024,2,Medical Parole,47
2024,2,Medical Reprieve Program,
2024,2,CCI,1774
2024,2,CCWF,2223
2024,2,CEN,2945
2024,2,CHCF,2211
2024,2,CIM,2181
2024,3,ASP,4796
2024,3,CIW,1150
2024,3,CMC,2356
2024,3,CMF,2158
2024,3,COR,2599
2024,3,CRC,3091
2024,3,CTF,4044
2024,3,CVSP,1136
2024,3,FOL,2662
2024,3,HDSP,2622
2024,3,ISP,2932
2024,3,KVSP,3133
2024,3,LAC,3149
2024,3,MCSP,3948
2024,3,NKSP,3291
2024,3,PBSP,1677
2024,3,PVSP,2657
2024,3,RJD,3356
2024,3,SAC,1862
2024,3,CAL,2839
2024,3,SATF,4338
2024,3,SCC,3966
2024,3,SOL,3932
2024,3,SQ,3523
2024,3,SVSP,2611
2024,3,VSP,3040
2024,3,WSP,3622
2024,3,CPMP,
2024,3,Alternative Custody Program,81
2024,3,Custody to Community Transitional Reentry Program,373
2024,3,Department of State Hospitals,146
2024,3,Male Community Reentry Facility,588
2024,3,Medical Parole,45
2024,3,Medical Reprieve Program,
2024,3,CCI,1751
2024,3,CCWF,2247
2024,3,CEN,3074
2024,3,CHCF,2209
2024,3,CIM,2201
2024,4,ASP,4744
2024,4,CIW,1174
2024,4,CMC,2311
2024,4,CMF,2101
2024,4,COR,2492
2024,4,CRC,2986
2024,4,CTF,3963
2024,4,CVSP,749
2024,4,FOL,2599
2024,4,HDSP,2636
2024,4,ISP,3283
2024,4,KVSP,3196
2024,4,LAC,3212
2024,4,MCSP,3958
2024,4,NKSP,3248
2024,4,PBSP,1848
2024,4,PVSP,2607
2024,4,RJD,3357
2024,4,SAC,1869
2024,4,CAL,2788
2024,4,SATF,4469
2024,4,SCC,3962
2024,4,SOL,3910
2024,4,SQ,3486
2024,4,SVSP,2558
2024,4,VSP,2999
2024,4,WSP,3795
2024,4,CPMP,
2024,4,Alternative Custody Program,76
2024,4,Custody to Community Transitional Reentry Program,380
2024,4,Department of State Hospitals,163
2024,4,Male Community Reentry Facility,588
2024,4,Medical Parole,46
2024,4,Medical Reprieve Program,
2024,4,CCI,1702
2024,4,CCWF,2215
2024,4,CEN,3131
2024,4,CHCF,2180
2024,4,CIM,2220
2024,5,ASP,4710
2024,5,CIW,1125
2024,5,CMC,2258
2024,5,CMF,2069
2024,5,COR,2549
2024,5,CRC,2900
2024,5,CTF,3986
2024,5,CVSP,489
2024,5,FOL,2577
2024,5,HDSP,2563
2024,5,ISP,3186
2024,5,KVSP,3339
2024,5,LAC,3205
2024,5,MCSP,3978
2024,5,NKSP,3378
2024,5,PBSP,1973
2024,5,PVSP,2474
2024,5,RJD,3373
2024,5,SAC,1868
2024,5,CAL,2842
2024,5,SATF,4722
2024,5,SCC,4041
2024,5,SOL,3943
2024,5,SQ,3333
2024,5,SVSP,2548
2024,5,VSP,3047
2024,5,WSP,3824
2024,5,CPMP,
2024,5,FCRF,398
2024,5,Alternative Custody Program,67
2024,5,Department of State Hospitals,158
2024,5,Male Community Reentry Facility,604
2024,5,Medical Parole,47
2024,5,Medical Reprieve Program,
2024,5,CCI,1679
2024,5,CCWF,2244
2024,5,CEN,3075
2024,5,CHCF,2152
2024,5,CIM,2217
2024,6,ASP,4654
2024,6,CIW,1167
2024,6,CMC,2194
2024,6,CMF,2052
2024,6,COR,2510
2024,6,CRC,2775
2024,6,CTF,3934
2024,6,CVSP,273
2024,6,FOL,2610
2024,6,HDSP,2548
2024,6,ISP,3147
2024,6,KVSP,3269
2024,6,LAC,3199
2024,6,MCSP,3967
2024,6,NKSP,3321
2024,6,PBSP,2183
2024,6,PVSP,2395
2024,6,RJD,3345
2024,6,SAC,1868
2024,6,CAL,2900
2024,6,SATF,4971
2024,6,SCC,4019
2024,6,SOL,4000
2024,6,SQ,3361
2024,6,SVSP,2527
2024,6,VSP,3145
2024,6,WSP,3701
2024,6,CPMP,
2024,6,FCRF,386
2024,6,Alternative Custody Program,63
2024,6,Department of State Hospitals,160
2024,6,Male Community Reentry Facility,583
2024,6,Medical Parole,48
2024,6,Medical Reprieve Program,
2024,6,CCI,1658
2024,6,CCWF,2214
2024,6,CEN,3006
2024,6,CHCF,2173
2024,6,CIM,2244
2024,7,ASP,4560
2024,7,CIW,1258
2024,7,CMC,2120
2024,7,CMF,2044
2024,7,COR,2493
2024,7,CRC,2782
2024,7,CTF,3965
2024,7,FOL,2731
2024,7,HDSP,2556
2024,7,ISP,3049
2024,7,KVSP,3220
2024,7,LAC,3227
2024,7,MCSP,3970
2024,7,NKSP,3119
2024,7,PBSP,2251
2024,7,PVSP,2364
2024,7,RJD,3096
2024,7,SAC,1929
2024,7,CAL,2894
2024,7,SATF,5486
2024,7,SCC,4048
2024,7,SOL,4086
2024,7,SQ,3295
2024,7,SVSP,2481
2024,7,VSP,3213
2024,7,WSP,3457
2024,7,CPMP,
2024,7,FCRF,389
2024,7,Alternative Custody Program,62
2024,7,Department of State Hospitals,158
2024,7,Male Community Reentry Facility,589
2024,7,Medical Parole,49
2024,7,Medical Reprieve Program,
2024,7,CCI,1710
2024,7,CCWF,2106
2024,7,CEN,3061
2024,7,CHCF,2172
2024,7,CIM,2250
2024,8,ASP,4431
2024,8,CIW,1286
2024,8,CMC,2087
2024,8,CMF,2017
2024,8,COR,2496
2024,8,CRC,2792
2024,8,CTF,4028
2024,8,FOL,2797
2024,8,HDSP,2718
2024,8,ISP,2954
2024,8,KVSP,3163
2024,8,LAC,3221
2024,8,MCSP,4015
2024,8,NKSP,3139
2024,8,PBSP,2211
2024,8,PVSP,2598
2024,8,RJD,2932
2024,8,SAC,2032
2024,8,CAL,2792
2024,8,SATF,5460
2024,8,SCC,3965
2024,8,SOL,4044
2024,8,SQ,3221
2024,8,SVSP,2509
2024,8,VSP,3264
2024,8,WSP,3314
2024,8,CPMP,
2024,8,FCRF,380
2024,8,Alternative Custody Program,49
2024,8,Department of State Hospitals,158
2024,8,Male Community Reentry Facility,590
2024,8,Medical Parole,49
2024,8,Medical Reprieve Program,
2024,8,CCI,1709
2024,8,CCWF,2092
2024,8,CEN,3101
2024,8,CHCF,2135
2024,8,CIM,2233
2024,9,ASP,4230
2024,9,CIW,1249
2024,9,CMC,2044
2024,9,CMF,1992
2024,9,COR,2477
2024,9,CRC,2804
2024,9,CTF,4168
2024,9,FOL,2784
2024,9,HDSP,2840
2024,9,ISP,2948
2024,9,KVSP,3138
2024,9,LAC,3270
2024,9,MCSP,3992
2024,9,NKSP,3104
2024,9,PBSP,2195
2024,9,PVSP,2871
2024,9,RJD,2863
2024,9,SAC,2147
2024,9,CAL,2613
2024,9,SATF,5471
2024,9,SCC,4004
2024,9,SOL,4004
2024,9,SQ,3152
2024,9,SVSP,2519
2024,9,VSP,3308
2024,9,WSP,3444
2024,9,CPMP,
2024,9,FCRF,372
2024,9,Alternative Custody Program,36
2024,9,Department of State Hospitals,160
2024,9,Male Community Reentry Facility,576
2024,9,Medical Parole,49
2024,9,Medical Reprieve Program,
2024,9,CCI,1594
2024,9,CCWF,2107
2024,9,CEN,3084
2024,9,CHCF,2120
2024,9,CIM,2283
2024,10,ASP,4056
2024,10,CIW,1208
2024,10,CMC,2163
2024,10,CMF,1937
2024,10,COR,2646
2024,10,CRC,2873
2024,10,CTF,4387
2024,10,FOL,2746
2024,10,HDSP,2887
2024,10,ISP,2922
2024,10,KVSP,3156
2024,10,LAC,3317
2024,10,MCSP,3940
2024,10,NKSP,3071
2024,10,PBSP,2154
2024,10,PVSP,2963
2024,10,RJD,2840
2024,10,SAC,2182
2024,10,CAL,2523
2024,10,SATF,5396
2024,10,SCC,4031
2024,10,SOL,3902
2024,10,SQ,3043
2024,10,SVSP,2519
2024,10,VSP,3308
2024,10,WSP,3461
2024,10,CPMP,
2024,10,FCRF,373
2024,10,Alternative Custody Program,32
2024,10,Department of State Hospitals,161
2024,10,Male Community Reentry Facility,628
2024,10,Medical Parole,44
2024,10,Medical Reprieve Program,
2024,10,CCI,1631
2024,10,CCWF,2112
2024,10,CEN,2950
2024,10,CHCF,2118
2024,10,CIM,2218
2024,11,ASP,3895
2024,11,CIW,1204
2024,11,CMC,2236
2024,11,CMF,1916
2024,11,COR,2742
2024,11,CRC,2855
2024,11,CTF,4472
2024,11,FOL,2846
2024,11,HDSP,2865
2024,11,ISP,2966
2024,11,KVSP,3210
2024,11,LAC,3289
2024,11,MCSP,3886
2024,11,NKSP,3014
2024,11,PBSP,2129
2024,11,PVSP,2919
2024,11,RJD,2966
2024,11,SAC,2244
2024,11,CAL,2466
2024,11,SATF,5334
2024,11,SCC,4142
2024,11,SOL,3883
2024,11,SQ,2992
2024,11,SVSP,2519
2024,11,VSP,3263
2024,11,WSP,3228
2024,11,CPMP,
2024,11,FCRF,366
2024,11,Alternative Custody Program,20
2024,11,Department of State Hospitals,169
2024,11,Male Community Reentry Facility,656
2024,11,Medical Parole,34
2024,11,Medical Reprieve Program,
2024,11,CCI,1740
2024,11,CCWF,2103
2024,11,CEN,2884
2024,11,CHCF,2101
2024,11,CIM,2183
2024,12,ASP,3783
2024,12,CIW,1270
2024,12,CMC,2227
2024,12,CMF,1875
2024,12,COR,2685
2024,12,CRC,2800
2024,12,CTF,4386
2024,12,FOL,2797
2024,12,HDSP,2837
2024,12,ISP,2927
2024,12,KVSP,3267
2024,12,LAC,3189
2024,12,MCSP,3874
2024,12,NKSP,2998
2024,12,PBSP,2020
2024,12,PVSP,2890
2024,12,RJD,3157
2024,12,SAC,2248
2024,12,CAL,2390
2024,12,SATF,5261
2024,12,SCC,4164
2024,12,SOL,3924
2024,12,SQ,2945
2024,12,SVSP,2492
2024,12,VSP,3216
2024,12,WSP,3385
2024,12,CPMP,
2024,12,FCRF,351
2024,12,Alternative Custody Program,15
2024,12,Department of State Hospitals,175
2024,12,Male Community Reentry Facility,635
2024,12,Medical Parole,
2024,12,Medical Reprieve Program,
2024,12,CCI,2044
2024,12,CCWF,2022
2024,12,CEN,2794
2024,12,CHCF,2101
2024,12,CIM,2205
2023,1,ASP,4062
2023,1,CIW,983
2023,1,CMC,3254
2023,1,CMF,1910
2023,1,COR,3443
2023,1,CRC,3029
2023,1,CTF,3927
2023,1,CVSP,1731
2023,1,FOL,2513
2023,1,CAC,1799
2023,1,HDSP,2083
2023,1,ISP,2601
2023,1,KVSP,2431
2023,1,LAC,2503
2023,1,MCSP,3824
2023,1,NKSP,4380
2023,1,PBSP,1711
2023,1,PVSP,2562
2023,1,RJD,2920
2023,1,SAC,1585
2023,1,CAL,2500
2023,1,SATF,4650
2023,1,SCC,4461
2023,1,SOL,3326
2023,1,SQ,3542
2023,1,SVSP,2934
2023,1,VSP,2973
2023,1,WSP,3698
2023,1,CPMP,
2023,1,SACCO,10
2023,1,Alternative Custody Program,103
2023,1,Custody to Community Transitional Reentry Program,386
2023,1,Department of State Hospitals,101
2023,1,Male Community Reentry Facility,613
2023,1,Medical Parole,41
2023,1,CCI,2611
2023,1,CCWF,2279
2023,1,CEN,2773
2023,1,CHCF,2401
2023,1,CIM,2867
2023,2,ASP,4195
2023,2,CIW,970
2023,2,CMC,3359
2023,2,CMF,1905
2023,2,COR,3423
2023,2,CRC,2920
2023,2,CTF,3955
2023,2,CVSP,1834
2023,2,FOL,2657
2023,2,CAC,1747
2023,2,HDSP,1981
2023,2,ISP,2620
2023,2,KVSP,2420
2023,2,LAC,2513
2023,2,MCSP,3850
2023,2,NKSP,4205
2023,2,PBSP,1686
2023,2,PVSP,2514
2023,2,RJD,2936
2023,2,SAC,1535
2023,2,CAL,2453
2023,2,SATF,4638
2023,2,SCC,4431
2023,2,SOL,3323
2023,2,SQ,3743
2023,2,SVSP,2958
2023,2,VSP,2987
2023,2,WSP,3750
2023,2,CPMP,
2023,2,SACCO,10
2023,2,Alternative Custody Program,117
2023,2,Custody to Community Transitional Reentry Program,392
2023,2,Department of State Hospitals,91
2023,2,Male Community Reentry Facility,612
2023,2,Medical Parole,44
2023,2,CCI,2533
2023,2,CCWF,2334
2023,2,CEN,2664
2023,2,CHCF,2429
2023,2,CIM,2718
2023,3,ASP,4364
2023,3,CIW,965
2023,3,CMC,3316
2023,3,CMF,1919
2023,3,COR,3406
2023,3,CRC,2931
2023,3,CTF,3995
2023,3,CVSP,1858
2023,3,FOL,2837
2023,3,CAC,1634
2023,3,HDSP,2317
2023,3,ISP,2695
2023,3,KVSP,2525
2023,3,LAC,2568
2023,3,MCSP,3835
2023,3,NKSP,4221
2023,3,PBSP,1643
2023,3,PVSP,2638
2023,3,RJD,2903
2023,3,SAC,1460
2023,3,CAL,2503
2023,3,SATF,4692
2023,3,SCC,4182
2023,3,SOL,3299
2023,3,SQ,4024
2023,3,SVSP,2895
2023,3,VSP,2963
2023,3,WSP,3742
2023,3,CPMP,
2023,3,SACCO,10
2023,3,Alternative Custody Program,131
2023,3,Custody to Community Transitional Reentry Program,388
2023,3,Department of State Hospitals,101
2023,3,Male Community Reentry Facility,631
2023,3,Medical Parole,45
2023,3,CCI,2347
2023,3,CCWF,2316
2023,3,CEN,2553
2023,3,CHCF,2477
2023,3,CIM,2364
2023,4,ASP,4494
2023,4,CIW,949
2023,4,CMC,3237
2023,4,CMF,1926
2023,4,COR,3346
2023,4,CRC,2916
2023,4,CTF,4070
2023,4,CVSP,1926
2023,4,FOL,2955
2023,4,CAC,1367
2023,4,HDSP,2529
2023,4,ISP,2987
2023,4,KVSP,2616
2023,4,LAC,2569
2023,4,MCSP,3851
2023,4,NKSP,4270
2023,4,PBSP,1599
2023,4,PVSP,2800
2023,4,RJD,2904
2023,4,SAC,1468
2023,4,CAL,2488
2023,4,SATF,4608
2023,4,SCC,4003
2023,4,SOL,3321
2023,4,SQ,4034
2023,4,SVSP,2901
2023,4,VSP,3017
2023,4,WSP,3804
2023,4,CPMP,
2023,4,SACCO,10
2023,4,Alternative Custody Program,130
2023,4,Custody to Community Transitional Reentry Program,394
2023,4,Department of State Hospitals,101
2023,4,Male Community Reentry Facility,633
2023,4,Medical Parole,47
2023,4,CCI,2149
2023,4,CCWF,2342
2023,4,CEN,2539
2023,4,CHCF,2407
2023,4,CIM,2223
2023,5,ASP,4612
2023,5,CIW,983
2023,5,CMC,3161
2023,5,CMF,1975
2023,5,COR,3284
2023,5,CRC,3026
2023,5,CTF,4265
2023,5,CVSP,2094
2023,5,FOL,3023
2023,5,CAC,1009
2023,5,HDSP,2518
2023,5,ISP,3180
2023,5,KVSP,2694
2023,5,LAC,2557
2023,5,MCSP,3846
2023,5,NKSP,4153
2023,5,PBSP,1602
2023,5,PVSP,2940
2023,5,RJD,2938
2023,5,SAC,1513
2023,5,CAL,2494
2023,5,SATF,4535
2023,5,SCC,3956
2023,5,SOL,3438
2023,5,SQ,3897
2023,5,SVSP,2900
2023,5,VSP,3044
2023,5,WSP,3951
2023,5,CPMP,
2023,5,SACCO,
2023,5,Alternative Custody Program,131
2023,5,Custody to Community Transitional Reentry Program,387
2023,5,Department of State Hospitals,112
2023,5,Male Community Reentry Facility,642
2023,5,Medical Parole,44
2023,5,CCI,1900
2023,5,CCWF,2355
2023,5,CEN,2589
2023,5,CHCF,2360
2023,5,CIM,2196
2023,6,ASP,4660
2023,6,CIW,973
2023,6,CMC,2910
2023,6,CMF,2082
2023,6,COR,3334
2023,6,CRC,3146
2023,6,CTF,4248
2023,6,CVSP,2215
2023,6,FOL,2958
2023,6,CAC,623
2023,6,HDSP,2460
2023,6,ISP,3196
2023,6,KVSP,2727
2023,6,LAC,2588
2023,6,MCSP,3879
2023,6,NKSP,3771
2023,6,PBSP,1599
2023,6,PVSP,3110
2023,6,RJD,2956
2023,6,SAC,1717
2023,6,CAL,2633
2023,6,SATF,4513
2023,6,SCC,3920
2023,6,SOL,3575
2023,6,SQ,3812
2023,6,SVSP,2894
2023,6,VSP,3174
2023,6,WSP,3651
2023,6,CPMP,
2023,6,SACCO,
2023,6,Alternative Custody Program,127
2023,6,Custody to Community Transitional Reentry Program,383
2023,6,Department of State Hospitals,115
2023,6,Male Community Reentry Facility,644
2023,6,Medical Parole,45
2023,6,CCI,1628
2023,6,CCWF,2395
2023,6,CEN,2765
2023,6,CHCF,2334
2023,6,CIM,2258
2023,7,ASP,4636
2023,7,CIW,972
2023,7,CMC,2691
2023,7,CMF,2164
2023,7,COR,3448
2023,7,CRC,2946
2023,7,CTF,4249
2023,7,CVSP,2173
2023,7,FOL,2876
2023,7,CAC,425
2023,7,HDSP,2413
2023,7,ISP,3101
2023,7,KVSP,2796
2023,7,LAC,2631
2023,7,MCSP,3837
2023,7,NKSP,3859
2023,7,PBSP,1581
2023,7,PVSP,3087
2023,7,RJD,3028
2023,7,SAC,1735
2023,7,CAL,2705
2023,7,SATF,4547
2023,7,SCC,4066
2023,7,SOL,3653
2023,7,SQ,3728
2023,7,SVSP,2832
2023,7,VSP,3310
2023,7,WSP,3526
2023,7,CPMP,
2023,7,SACCO,
2023,7,Alternative Custody Program,115
2023,7,Custody to Community Transitional Reentry Program,371
2023,7,Department of State Hospitals,112
2023,7,Male Community Reentry Facility,637
2023,7,Medical Parole,45
2023,7,CCI,1627
2023,7,CCWF,2384
2023,7,CEN,2779
2023,7,CHCF,2340
2023,7,CIM,2295
2023,8,ASP,4668
2023,8,CIW,968
2023,8,CMC,2323
2023,8,CMF,2204
2023,8,COR,3525
2023,8,CRC,2841
2023,8,CTF,4283
2023,8,CVSP,2132
2023,8,FOL,2901
2023,8,CAC,197
2023,8,HDSP,2535
2023,8,ISP,3094
2023,8,KVSP,2816
2023,8,LAC,2601
2023,8,MCSP,3828
2023,8,NKSP,3576
2023,8,PBSP,1530
2023,8,PVSP,3010
2023,8,RJD,3194
2023,8,SAC,1803
2023,8,CAL,2721
2023,8,SATF,4678
2023,8,SCC,4370
2023,8,SOL,3649
2023,8,SQ,3639
2023,8,SVSP,2772
2023,8,VSP,3364
2023,8,WSP,3332
2023,8,CPMP,
2023,8,SACCO,10
2023,8,Alternative Custody Program,120
2023,8,Custody to Community Transitional Reentry Program,373
2023,8,Department of State Hospitals,110
2023,8,Male Community Reentry Facility,630
2023,8,Medical Parole,44
2023,8,CCI,1657
2023,8,CCWF,2431
2023,8,CEN,2795
2023,8,CHCF,2334
2023,8,CIM,2354
2023,9,ASP,4609
2023,9,CIW,993
2023,9,CMC,2135
2023,9,CMF,2220
2023,9,COR,3491
2023,9,CRC,2869
2023,9,CTF,4310
2023,9,CVSP,2067
2023,9,FOL,2895
2023,9,CAC,133
2023,9,HDSP,2475
2023,9,ISP,3112
2023,9,KVSP,2848
2023,9,LAC,2611
2023,9,MCSP,3820
2023,9,NKSP,3718
2023,9,PBSP,1544
2023,9,PVSP,2817
2023,9,RJD,3270
2023,9,SAC,1863
2023,9,CAL,2670
2023,9,SATF,4757
2023,9,SCC,4360
2023,9,SOL,3670
2023,9,SQ,3576
2023,9,SVSP,2738
2023,9,VSP,3332
2023,9,WSP,3378
2023,9,CPMP,
2023,9,SACCO,10
2023,9,Alternative Custody Program,112
2023,9,Custody to Community Transitional Reentry Program,362
2023,9,Department of State Hospitals,106
2023,9,Male Community Reentry Facility,615
2023,9,Medical Parole,44
2023,9,CCI,1698
2023,9,CCWF,2443
2023,9,CEN,2803
2023,9,CHCF,2300
2023,9,CIM,2366
2023,10,ASP,4592
2023,10,CIW,1149
2023,10,CMC,2065
2023,10,CMF,2218
2023,10,COR,3505
2023,10,CRC,2919
2023,10,CTF,4293
2023,10,CVSP,2021
2023,10,FOL,2869
2023,10,HDSP,2387
2023,10,ISP,3051
2023,10,KVSP,2871
2023,10,LAC,2679
2023,10,MCSP,3803
2023,10,NKSP,3799
2023,10,PBSP,1576
2023,10,PVSP,2660
2023,10,RJD,3291
2023,10,SAC,1841
2023,10,CAL,2706
2023,10,SATF,4821
2023,10,SCC,4265
2023,10,SOL,3718
2023,10,SQ,3488
2023,10,SVSP,2687
2023,10,VSP,3247
2023,10,WSP,3620
2023,10,CPMP,
2023,10,SACCO,11
2023,10,Alternative Custody Program,118
2023,10,Custody to Community Transitional Reentry Program,369
2023,10,Department of State Hospitals,111
2023,10,Male Community Reentry Facility,600
2023,10,Medical Parole,44
2023,10,CCI,1715
2023,10,CCWF,2290
2023,10,CEN,2802
2023,10,CHCF,2258
2023,10,CIM,2371
2023,11,ASP,4608
2023,11,CIW,1191
2023,11,CMC,2048
2023,11,CMF,2188
2023,11,COR,3479
2023,11,CRC,2989
2023,11,CTF,4211
2023,11,CVSP,1965
2023,11,FOL,2826
2023,11,HDSP,2296
2023,11,ISP,3119
2023,11,KVSP,2867
2023,11,LAC,2790
2023,11,MCSP,3796
2023,11,NKSP,3930
2023,11,PBSP,1534
2023,11,PVSP,2565
2023,11,RJD,3278
2023,11,SAC,1818
2023,11,CAL,2799
2023,11,SATF,4856
2023,11,SCC,4162
2023,11,SOL,3750
2023,11,SQ,3479
2023,11,SVSP,2661
2023,11,VSP,3228
2023,11,WSP,3656
2023,11,CPMP,
2023,11,SACCO,10
2023,11,Alternative Custody Program,116
2023,11,Custody to Community Transitional Reentry Program,378
2023,11,Department of State Hospitals,116
2023,11,Male Community Reentry Facility,604
2023,11,Medical Parole,44
2023,11,CCI,1718
2023,11,CCWF,2217
2023,11,CEN,2740
2023,11,CHCF,2240
2023,11,CIM,2367
2023,12,ASP,4634
2023,12,CIW,1190
2023,12,CMC,2116
2023,12,CMF,2193
2023,12,COR,3463
2023,12,CRC,3018
2023,12,CTF,4130
2023,12,CVSP,1803
2023,12,FOL,2785
2023,12,HDSP,2242
2023,12,ISP,3051
2023,12,KVSP,2914
2023,12,LAC,2808
2023,12,MCSP,3827
2023,12,NKSP,4016
2023,12,PBSP,1524
2023,12,PVSP,2499
2023,12,RJD,3297
2023,12,SAC,1795
2023,12,CAL,2741
2023,12,SATF,4755
2023,12,SCC,4028
2023,12,SOL,3788
2023,12,SQ,3486
2023,12,SVSP,2623
2023,12,VSP,3198
2023,12,WSP,3774
2023,12,CPMP,
2023,12,SACCO,
2023,12,Alternative Custody Program,107
2023,12,Custody to Community Transitional Reentry Program,380
2023,12,Department of State Hospitals,119
2023,12,Male Community Reentry Facility,623
2023,12,Medical Parole,46
2023,12,CCI,1750
2023,12,CCWF,2196
2023,12,CEN,2692
2023,12,CHCF,2258
2023,12,CIM,2303
