facility,year,month,violent_incidents,inmate_on_inmate,staff_involved,assault_on_inmate,battery_on_inmate,fighting,riot,assault_on_officer,battery_on_officer,cell_extractions,source_file
ASP,2021,1,3,1,2,0,0,1,0,0,2,0,d2201
ASP,2021,2,4,3,1,0,2,1,0,0,0,1,d2201
ASP,2021,3,1,1,0,0,1,0,0,0,0,0,d2201
ASP,2021,4,1,0,1,0,0,0,0,0,1,0,d2201
ASP,2021,5,6,5,1,0,3,2,0,0,0,1,d2201
ASP,2021,6,13,12,1,0,9,3,0,0,1,0,d2201
ASP,2021,7,14,13,1,0,11,2,0,0,0,1,d2201
ASP,2021,8,7,7,0,1,4,2,0,0,0,0,d2201
ASP,2021,9,10,9,1,0,8,1,0,1,0,0,d2201
ASP,2021,10,11,10,1,0,9,1,0,0,1,0,d2201
ASP,2021,11,15,13,2,0,12,1,0,0,2,0,d2201
ASP,2021,12,13,12,1,0,8,4,0,0,1,0,d2212
ASP,2022,1,5,5,0,0,3,2,0,0,0,0,d2212
ASP,2022,2,10,10,0,0,7,3,0,0,0,0,d2212
ASP,2022,3,18,16,2,0,11,5,0,2,0,0,d2212
ASP,2022,4,23,22,1,1,16,5,0,0,1,0,d2212
ASP,2022,5,24,23,1,0,19,4,0,0,0,1,d2212
ASP,2022,6,25,20,5,0,15,5,0,0,2,3,d2212
ASP,2022,7,8,8,0,1,4,3,0,0,0,0,d2212
ASP,2022,8,30,26,4,0,18,8,0,1,1,2,d2212
ASP,2022,9,22,20,2,0,17,3,0,0,1,1,d2212
ASP,2022,10,8,8,0,0,6,2,0,0,0,0,d2212
ASP,2022,11,10,10,0,0,4,5,1,0,0,0,d2212
ASP,2022,12,17,15,2,0,11,4,0,0,2,0,d2312
ASP,2023,1,13,13,0,0,10,3,0,0,0,0,d2312
ASP,2023,2,12,10,2,0,9,1,0,1,1,0,d2312
ASP,2023,3,27,24,3,0,18,6,0,0,3,0,d2312
ASP,2023,4,27,24,3,0,15,9,0,0,3,0,d2312
ASP,2023,5,25,24,1,1,19,4,0,0,1,0,d2312
ASP,2023,6,31,29,2,0,19,10,0,0,2,0,d2312
ASP,2023,7,19,17,2,0,10,7,0,0,2,0,d2312
ASP,2023,8,38,36,2,0,27,9,0,0,2,0,d2312
ASP,2023,9,11,11,0,0,8,3,0,0,0,0,d2312
ASP,2023,10,24,20,4,0,9,11,0,0,3,1,d2312
ASP,2023,11,15,13,2,0,10,3,0,0,2,0,d2312
ASP,2023,12,34,30,4,1,20,9,0,1,2,1,d2312
ASP,2024,1,35,32,3,0,24,8,0,2,1,0,d2501
ASP,2024,2,34,32,2,1,26,4,1,0,1,1,d2501
ASP,2024,3,33,33,0,0,28,5,0,0,0,0,d2501
ASP,2024,4,19,18,1,0,10,8,0,0,1,0,d2501
ASP,2024,5,22,22,0,0,9,13,0,0,0,0,d2501
ASP,2024,6,20,18,2,0,12,6,0,1,1,0,d2501
ASP,2024,7,22,20,2,0,11,9,0,0,2,0,d2501
ASP,2024,8,7,6,1,0,4,2,0,0,1,0,d2501
ASP,2024,9,9,6,3,0,4,2,0,0,2,1,d2501
ASP,2024,10,6,4,2,0,3,1,0,0,2,0,d2501
ASP,2024,11,14,13,1,0,7,6,0,0,1,0,d2501
ASP,2024,12,11,8,3,1,3,4,0,1,2,0,d2512
ASP,2025,1,15,12,3,0,7,5,0,1,2,0,d2512
ASP,2025,2,12,10,2,0,5,5,0,0,2,0,d2512
ASP,2025,3,10,10,0,0,5,5,0,0,0,0,d2512
ASP,2025,4,17,13,4,0,10,3,0,0,4,0,d2512
ASP,2025,5,12,12,0,0,7,5,0,0,0,0,d2512
ASP,2025,6,18,14,4,0,9,5,0,0,4,0,d2512
ASP,2025,7,14,14,0,0,9,5,0,0,0,0,d2512
ASP,2025,8,24,18,6,0,11,7,0,0,5,1,d2512
ASP,2025,9,13,11,2,0,6,5,0,0,2,0,d2512
ASP,2025,10,11,10,1,0,8,2,0,0,1,0,d2512
ASP,2025,11,12,12,0,1,8,3,0,0,0,0,d2512
ASP,2025,12,7,7,0,0,5,2,0,0,0,0,d2512
CAC,2021,1,7,7,0,0,3,3,1,0,0,0,d2201
CAC,2021,2,2,1,1,0,1,0,0,0,1,0,d2201
CAC,2021,3,6,6,0,0,3,2,1,0,0,0,d2201
CAC,2021,4,11,11,0,0,7,4,0,0,0,0,d2201
CAC,2021,5,3,3,0,0,2,1,0,0,0,0,d2201
CAC,2021,6,2,2,0,0,2,0,0,0,0,0,d2201
CAC,2021,7,11,11,0,0,8,3,0,0,0,0,d2201
CAC,2021,8,3,2,1,0,2,0,0,0,1,0,d2201
CAC,2021,9,3,3,0,0,3,0,0,0,0,0,d2201
CAC,2021,10,11,10,1,0,4,6,0,0,1,0,d2201
CAC,2021,11,7,7,0,0,5,2,0,0,0,0,d2201
CAC,2021,12,1,0,1,0,0,0,0,0,1,0,d2212
CAC,2022,1,0,0,0,0,0,0,0,0,0,0,d2212
CAC,2022,2,8,7,1,0,7,0,0,0,1,0,d2212
CAC,2022,3,6,6,0,0,5,1,0,0,0,0,d2212
CAC,2022,4,3,3,0,0,3,0,0,0,0,0,d2212
CAC,2022,5,0,0,0,0,0,0,0,0,0,0,d2212
CAC,2022,6,1,1,0,0,0,1,0,0,0,0,d2212
CAC,2022,7,7,7,0,0,4,3,0,0,0,0,d2212
CAC,2022,8,7,7,0,0,4,2,1,0,0,0,d2212
CAC,2022,9,9,9,0,0,7,2,0,0,0,0,d2212
CAC,2022,10,14,13,1,0,10,3,0,1,0,0,d2212
CAC,2022,11,3,3,0,0,2,1,0,0,0,0,d2212
CAC,2022,12,7,7,0,0,5,1,1,0,0,0,d2312
CAC,2023,1,7,7,0,0,6,1,0,0,0,0,d2312
CAC,2023,2,7,7,0,0,4,3,0,0,0,0,d2312
CAC,2023,3,8,8,0,0,7,1,0,0,0,0,d2312
CAC,2023,4,9,7,2,0,7,0,0,0,1,1,d2312
CAC,2023,5,3,3,0,0,2,1,0,0,0,0,d2312
CAC,2023,6,1,1,0,0,1,0,0,0,0,0,d2312
CAC,2023,7,0,0,0,0,0,0,0,0,0,0,d2312
CAC,2023,8,1,0,1,0,0,0,0,0,1,0,d2312
CAL,2021,1,10,8,2,0,5,3,0,0,0,2,d2201
CAL,2021,2,12,8,4,0,2,6,0,0,3,1,d2201
CAL,2021,3,13,10,3,0,6,4,0,2,1,0,d2201
CAL,2021,4,10,10,0,0,3,7,0,0,0,0,d2201
CAL,2021,5,16,12,4,0,5,6,1,0,2,2,d2201
CAL,2021,6,5,4,1,0,2,2,0,0,1,0,d2201
CAL,2021,7,14,13,1,1,5,7,0,0,1,0,d2201
CAL,2021,8,8,7,1,0,5,2,0,0,1,0,d2201
CAL,2021,9,17,13,4,0,6,7,0,0,3,1,d2201
CAL,2021,10,13,12,1,0,4,7,1,0,1,0,d2201
CAL,2021,11,14,12,2,0,6,6,0,0,2,0,d2201
CAL,2021,12,7,6,1,0,3,3,0,0,1,0,d2212
CAL,2022,1,8,7,1,0,3,4,0,0,1,0,d2212
CAL,2022,2,9,8,1,0,5,3,0,0,1,0,d2212
CAL,2022,3,17,14,3,0,7,6,1,0,3,0,d2212
CAL,2022,4,10,7,3,0,4,3,0,1,2,0,d2212
CAL,2022,5,7,6,1,0,3,3,0,0,1,0,d2212
CAL,2022,6,5,4,1,0,2,2,0,0,1,0,d2212
CAL,2022,7,10,8,2,0,2,6,0,1,1,0,d2212
CAL,2022,8,13,13,0,0,6,7,0,0,0,0,d2212
CAL,2022,9,6,5,1,0,1,4,0,0,1,0,d2212
CAL,2022,10,7,7,0,0,4,3,0,0,0,0,d2212
CAL,2022,11,6,6,0,0,2,3,1,0,0,0,d2212
CAL,2022,12,17,14,3,2,7,5,0,0,2,1,d2312
CAL,2023,1,4,3,1,0,2,1,0,0,1,0,d2312
CAL,2023,2,16,14,2,0,8,4,2,0,1,1,d2312
CAL,2023,3,22,19,3,0,10,9,0,0,3,0,d2312
CAL,2023,4,20,19,1,0,14,5,0,0,1,0,d2312
CAL,2023,5,20,16,4,0,11,5,0,0,2,2,d2312
CAL,2023,6,23,17,6,1,12,4,0,1,3,2,d2312
CAL,2023,7,11,11,0,0,6,5,0,0,0,0,d2312
CAL,2023,8,18,17,1,1,8,8,0,0,0,1,d2312
CAL,2023,9,5,3,2,0,1,2,0,0,1,1,d2312
CAL,2023,10,24,20,4,1,10,9,0,0,4,0,d2312
CAL,2023,11,18,17,1,1,11,5,0,0,1,0,d2312
CAL,2023,12,13,12,1,0,6,6,0,0,0,1,d2312
CAL,2024,1,13,10,3,0,2,8,0,0,2,1,d2501
CAL,2024,2,14,9,5,0,5,4,0,0,4,1,d2501
CAL,2024,3,19,19,0,1,13,5,0,0,0,0,d2501
CAL,2024,4,13,11,2,0,7,4,0,0,1,1,d2501
CAL,2024,5,39,36,3,4,20,12,0,1,2,0,d2501
CAL,2024,6,42,40,2,2,25,13,0,0,0,2,d2501
CAL,2024,7,19,17,2,0,15,2,0,0,2,0,d2501
CAL,2024,8,25,20,5,0,12,8,0,0,3,2,d2501
CAL,2024,9,29,27,2,0,17,10,0,0,2,0,d2501
CAL,2024,10,18,17,1,0,11,6,0,0,0,1,d2501
CAL,2024,11,27,24,3,1,17,6,0,0,1,2,d2501
CAL,2024,12,23,19,4,1,9,9,0,2,2,0,d2512
CAL,2025,1,20,19,1,1,10,8,0,0,1,0,d2512
CAL,2025,2,32,30,2,0,15,15,0,1,0,1,d2512
CAL,2025,3,22,16,6,0,7,9,0,1,4,1,d2512
CAL,2025,4,28,22,6,3,13,6,0,1,5,0,d2512
CAL,2025,5,17,17,0,0,8,9,0,0,0,0,d2512
CAL,2025,6,7,5,2,0,3,2,0,0,2,0,d2512
CAL,2025,7,28,27,1,1,13,13,0,0,1,0,d2512
CAL,2025,8,20,15,5,1,6,8,0,2,3,0,d2512
CAL,2025,9,29,28,1,2,14,12,0,0,0,1,d2512
CAL,2025,10,33,29,4,1,15,13,0,0,3,1,d2512
CAL,2025,11,16,15,1,0,11,4,0,0,1,0,d2512
CAL,2025,12,26,20,6,0,11,9,0,1,4,1,d2512
CCC,2021,1,9,6,3,0,4,1,1,0,3,0,d2201
CCC,2021,2,14,11,3,0,9,1,1,1,2,0,d2201
CCC,2021,3,8,8,0,0,7,1,0,0,0,0,d2201
CCC,2021,4,4,4,0,0,4,0,0,0,0,0,d2201
CCC,2021,5,18,18,0,0,14,3,1,0,0,0,d2201
CCC,2021,6,9,9,0,0,8,1,0,0,0,0,d2201
CCC,2021,7,4,4,0,0,3,0,1,0,0,0,d2201
CCC,2021,8,7,7,0,0,2,3,2,0,0,0,d2201
CCC,2021,9,5,5,0,0,4,1,0,0,0,0,d2201
CCC,2021,10,5,4,1,0,4,0,0,0,0,1,d2201
CCC,2021,11,4,4,0,0,2,2,0,0,0,0,d2201
CCC,2021,12,4,4,0,0,3,1,0,0,0,0,d2212
CCC,2022,1,8,6,2,1,4,1,0,0,2,0,d2212
CCC,2022,2,14,13,1,0,9,0,4,0,1,0,d2212
CCC,2022,3,12,11,1,1,9,1,0,0,1,0,d2212
CCC,2022,4,10,9,1,0,7,2,0,0,0,1,d2212
CCC,2022,5,13,13,0,0,10,3,0,0,0,0,d2212
CCC,2022,6,7,5,2,0,2,2,1,0,2,0,d2212
CCC,2022,7,5,5,0,0,2,2,1,0,0,0,d2212
CCC,2022,8,5,3,2,1,1,1,0,0,2,0,d2212
CCC,2022,9,13,13,0,0,10,3,0,0,0,0,d2212
CCC,2022,10,1,1,0,0,1,0,0,0,0,0,d2212
CCC,2023,2,0,0,0,0,0,0,0,0,0,0,d2312
CCI,2021,1,17,10,7,0,1,9,0,3,4,0,d2201
CCI,2021,2,17,12,5,0,6,6,0,5,0,0,d2201
CCI,2021,3,29,22,7,0,9,13,0,3,3,1,d2201
CCI,2021,4,21,15,6,0,7,8,0,4,1,1,d2201
CCI,2021,5,31,21,10,1,8,11,1,4,2,4,d2201
CCI,2021,6,23,18,5,1,6,11,0,2,3,0,d2201
CCI,2021,7,25,19,6,2,6,10,1,2,4,0,d2201
CCI,2021,8,29,24,5,0,9,15,0,1,3,1,d2201
CCI,2021,9,24,23,1,0,9,14,0,0,1,0,d2201
CCI,2021,10,16,13,3,2,5,6,0,1,1,1,d2201
CCI,2021,11,22,15,7,1,5,9,0,2,2,3,d2201
CCI,2021,12,41,35,6,0,14,21,0,4,0,2,d2212
CCI,2022,1,42,27,15,1,6,20,0,7,4,4,d2212
CCI,2022,2,25,20,5,3,7,10,0,3,1,1,d2212
CCI,2022,3,38,33,5,0,14,19,0,3,2,0,d2212
CCI,2022,4,55,42,13,3,19,20,0,5,6,2,d2212
CCI,2022,5,49,44,5,4,17,22,1,1,2,2,d2212
CCI,2022,6,26,19,7,0,7,12,0,2,5,0,d2212
CCI,2022,7,29,24,5,0,4,20,0,3,2,0,d2212
CCI,2022,8,42,26,16,1,3,21,1,3,7,6,d2212
CCI,2022,9,42,33,9,3,8,20,2,1,6,2,d2212
CCI,2022,10,45,35,10,3,8,24,0,5,4,1,d2212
CCI,2022,11,39,33,6,0,8,25,0,2,2,2,d2212
CCI,2022,12,29,26,3,0,8,18,0,1,2,0,d2312
CCI,2023,1,42,39,3,1,14,23,1,3,0,0,d2312
CCI,2023,2,53,45,8,2,16,26,1,2,5,1,d2312
CCI,2023,3,26,25,1,2,13,9,1,0,1,0,d2312
CCI,2023,4,30,24,6,0,11,12,1,0,1,5,d2312
CCI,2023,5,25,21,4,0,11,9,1,0,2,2,d2312
CCI,2023,6,34,31,3,0,13,18,0,1,1,1,d2312
CCI,2023,7,33,31,2,2,14,15,0,1,0,1,d2312
CCI,2023,8,50,45,5,3,17,24,1,0,2,3,d2312
CCI,2023,9,36,33,3,3,15,14,1,1,1,1,d2312
CCI,2023,10,18,14,4,0,9,5,0,0,4,0,d2312
CCI,2023,11,31,26,5,1,14,11,0,1,3,1,d2312
CCI,2023,12,43,32,11,1,16,15,0,4,5,2,d2312
CCI,2024,1,46,31,15,2,16,13,0,1,8,6,d2501
CCI,2024,2,40,28,12,3,14,11,0,0,10,2,d2501
CCI,2024,3,50,42,8,5,20,15,2,1,7,0,d2501
CCI,2024,4,37,27,10,2,13,11,1,2,7,1,d2501
CCI,2024,5,57,44,13,1,20,21,2,4,7,2,d2501
CCI,2024,6,28,22,6,0,12,9,1,0,6,0,d2501
CCI,2024,7,39,29,10,1,12,15,1,1,7,2,d2501
CCI,2024,8,48,42,6,1,20,20,1,2,4,0,d2501
CCI,2024,9,56,49,7,3,23,23,0,2,4,1,d2501
CCI,2024,10,53,36,17,2,19,13,2,2,14,1,d2501
CCI,2024,11,49,36,13,2,17,16,1,2,10,1,d2501
CCI,2024,12,51,36,15,0,19,17,0,3,10,2,d2512
CCI,2025,1,71,56,15,1,32,23,0,4,10,1,d2512
CCI,2025,2,60,48,12,2,24,21,1,4,5,3,d2512
CCI,2025,3,39,28,11,2,7,17,2,0,9,2,d2512
CCI,2025,4,51,33,18,1,19,13,0,6,12,0,d2512
CCI,2025,5,53,43,10,2,20,18,3,2,7,1,d2512
CCI,2025,6,29,20,9,0,11,8,1,3,5,1,d2512
CCI,2025,7,30,21,9,2,12,7,0,2,6,1,d2512
CCI,2025,8,68,52,16,2,27,21,2,1,13,2,d2512
CCI,2025,9,52,28,24,0,11,15,2,5,17,2,d2512
CCI,2025,10,55,27,28,2,10,15,0,4,19,5,d2512
CCI,2025,11,40,20,20,2,11,7,0,5,11,4,d2512
CCI,2025,12,56,45,11,1,22,22,0,2,9,0,d2512
CCWF,2021,1,8,2,6,0,0,2,0,0,6,0,d2201
CCWF,2021,2,12,7,5,1,2,4,0,2,2,1,d2201
CCWF,2021,3,18,9,9,0,5,4,0,0,9,0,d2201
CCWF,2021,4,19,9,10,1,2,6,0,1,9,0,d2201
CCWF,2021,5,21,9,12,0,2,7,0,1,9,2,d2201
CCWF,2021,6,31,23,8,2,9,12,0,3,5,0,d2201
CCWF,2021,7,34,21,13,2,11,8,0,3,9,1,d2201
CCWF,2021,8,18,12,6,0,4,8,0,1,4,1,d2201
CCWF,2021,9,26,10,16,0,3,7,0,3,10,3,d2201
CCWF,2021,10,18,12,6,2,2,8,0,3,2,1,d2201
CCWF,2021,11,5,2,3,0,1,1,0,0,2,1,d2201
CCWF,2021,12,22,10,12,0,3,7,0,2,9,1,d2212
CCWF,2022,1,22,14,8,0,8,5,1,2,5,1,d2212
CCWF,2022,2,13,9,4,0,4,5,0,1,1,2,d2212
CCWF,2022,3,16,12,4,0,4,8,0,1,3,0,d2212
CCWF,2022,4,17,15,2,0,8,7,0,1,0,1,d2212
CCWF,2022,5,15,8,7,0,4,4,0,1,3,3,d2212
CCWF,2022,6,22,11,11,0,4,7,0,3,6,2,d2212
CCWF,2022,7,23,15,8,1,8,6,0,2,5,1,d2212
CCWF,2022,8,19,15,4,1,7,6,1,1,2,1,d2212
CCWF,2022,9,14,10,4,0,4,6,0,1,0,3,d2212
CCWF,2022,10,17,12,5,1,4,7,0,0,5,0,d2212
CCWF,2022,11,32,28,4,0,13,15,0,1,3,0,d2212
CCWF,2022,12,22,19,3,0,8,11,0,1,2,0,d2312
CCWF,2023,1,26,19,7,1,9,9,0,0,4,3,d2312
CCWF,2023,2,32,27,5,1,14,12,0,2,3,0,d2312
CCWF,2023,3,24,21,3,2,10,8,1,1,2,0,d2312
CCWF,2023,4,30,21,9,0,8,13,0,0,7,2,d2312
CCWF,2023,5,21,15,6,0,4,10,1,0,6,0,d2312
CCWF,2023,6,30,25,5,2,9,13,1,1,3,1,d2312
CCWF,2023,7,32,29,3,0,14,14,1,0,3,0,d2312
CCWF,2023,8,26,20,6,2,6,12,0,1,4,1,d2312
CCWF,2023,9,19,14,5,1,4,9,0,0,5,0,d2312
CCWF,2023,10,31,27,4,1,9,16,1,0,3,1,d2312
CCWF,2023,11,20,15,5,1,6,8,0,3,1,1,d2312
CCWF,2023,12,39,33,6,0,12,21,0,1,4,1,d2312
CCWF,2024,1,28,24,4,3,8,13,0,2,2,0,d2501
CCWF,2024,2,40,32,8,1,11,20,0,1,5,2,d2501
CCWF,2024,3,38,32,6,3,11,18,0,0,5,1,d2501
CCWF,2024,4,36,26,10,1,7,18,0,2,6,2,d2501
CCWF,2024,5,28,22,6,2,6,14,0,2,3,1,d2501
CCWF,2024,6,35,23,12,2,8,13,0,2,10,0,d2501
CCWF,2024,7,37,23,14,2,7,14,0,2,12,0,d2501
CCWF,2024,8,39,28,11,1,12,15,0,3,8,0,d2501
CCWF,2024,9,36,24,12,1,8,15,0,6,6,0,d2501
CCWF,2024,10,43,27,16,1,8,17,1,4,11,1,d2501
CCWF,2024,11,31,22,9,2,4,15,1,0,9,0,d2501
CCWF,2024,12,32,19,13,1,5,13,0,0,12,1,d2512
CCWF,2025,1,31,22,9,4,10,8,0,2,4,3,d2512
CCWF,2025,2,31,26,5,0,10,15,1,0,4,1,d2512
CCWF,2025,3,46,30,16,0,10,18,2,1,15,0,d2512
CCWF,2025,4,33,13,20,2,3,8,0,4,14,2,d2512
CCWF,2025,5,36,15,21,2,3,10,0,5,12,4,d2512
CCWF,2025,6,37,22,15,1,8,12,1,4,8,3,d2512
CCWF,2025,7,24,12,12,2,4,6,0,6,5,1,d2512
CCWF,2025,8,44,21,23,1,6,14,0,4,16,3,d2512
CCWF,2025,9,38,21,17,1,5,15,0,7,9,1,d2512
CCWF,2025,10,32,19,13,0,6,12,1,5,8,0,d2512
CCWF,2025,11,28,19,9,0,9,10,0,3,5,1,d2512
CCWF,2025,12,39,21,18,1,5,15,0,5,10,3,d2512
CEN,2021,1,7,6,1,0,4,2,0,0,1,0,d2201
CEN,2021,2,13,11,2,0,7,4,0,0,2,0,d2201
CEN,2021,3,5,5,0,0,3,2,0,0,0,0,d2201
CEN,2021,4,4,1,3,0,1,0,0,0,1,2,d2201
CEN,2021,5,5,4,1,0,3,1,0,0,1,0,d2201
CEN,2021,6,6,6,0,0,4,2,0,0,0,0,d2201
CEN,2021,7,14,12,2,0,9,3,0,0,2,0,d2201
CEN,2021,8,12,11,1,0,7,4,0,0,1,0,d2201
CEN,2021,9,7,7,0,1,2,4,0,0,0,0,d2201
CEN,2021,10,14,14,0,2,8,3,1,0,0,0,d2201
CEN,2021,11,11,10,1,0,4,5,1,0,0,1,d2201
CEN,2021,12,4,3,1,0,1,2,0,0,1,0,d2212
CEN,2022,1,10,9,1,0,4,5,0,0,1,0,d2212
CEN,2022,2,7,6,1,0,5,1,0,0,1,0,d2212
CEN,2022,3,7,7,0,0,3,4,0,0,0,0,d2212
CEN,2022,4,7,5,2,0,3,2,0,0,2,0,d2212
CEN,2022,5,5,3,2,0,3,0,0,0,2,0,d2212
CEN,2022,6,7,5,2,0,2,3,0,0,2,0,d2212
CEN,2022,7,15,14,1,0,8,6,0,0,0,1,d2212
CEN,2022,8,5,5,0,0,5,0,0,0,0,0,d2212
CEN,2022,9,12,10,2,0,8,2,0,0,1,1,d2212
CEN,2022,10,10,9,1,0,6,3,0,0,1,0,d2212
CEN,2022,11,9,8,1,0,5,3,0,0,1,0,d2212
CEN,2022,12,8,8,0,0,5,3,0,0,0,0,d2312
CEN,2023,1,13,12,1,0,7,5,0,0,1,0,d2312
CEN,2023,2,14,13,1,1,4,8,0,1,0,0,d2312
CEN,2023,3,9,7,2,1,4,2,0,0,0,2,d2312
CEN,2023,4,15,13,2,0,6,7,0,0,2,0,d2312
CEN,2023,5,11,8,3,0,6,2,0,0,3,0,d2312
CEN,2023,6,13,12,1,0,9,3,0,0,1,0,d2312
CEN,2023,7,16,13,3,0,8,5,0,0,2,1,d2312
CEN,2023,8,12,9,3,0,5,4,0,0,3,0,d2312
CEN,2023,9,8,7,1,0,7,0,0,0,1,0,d2312
CEN,2023,10,19,16,3,0,8,8,0,0,3,0,d2312
CEN,2023,11,8,7,1,0,4,3,0,0,1,0,d2312
CEN,2023,12,9,9,0,0,8,1,0,0,0,0,d2312
CEN,2024,1,9,8,1,0,4,3,1,0,1,0,d2501
CEN,2024,2,9,8,1,0,6,2,0,0,1,0,d2501
CEN,2024,3,6,6,0,0,5,1,0,0,0,0,d2501
CEN,2024,4,16,15,1,0,10,5,0,0,0,1,d2501
CEN,2024,5,8,8,0,0,6,2,0,0,0,0,d2501
CEN,2024,6,13,10,3,0,5,4,1,0,2,1,d2501
CEN,2024,7,17,17,0,0,11,5,1,0,0,0,d2501
CEN,2024,8,26,24,2,0,16,8,0,0,2,0,d2501
CEN,2024,9,20,18,2,1,10,7,0,0,2,0,d2501
CEN,2024,10,14,11,3,0,8,3,0,1,0,2,d2501
CEN,2024,11,12,11,1,0,6,5,0,0,1,0,d2501
CEN,2024,12,6,6,0,0,3,3,0,0,0,0,d2512
CEN,2025,1,8,7,1,0,3,4,0,0,1,0,d2512
CEN,2025,2,18,15,3,1,11,3,0,0,2,1,d2512
CEN,2025,3,7,5,2,0,2,3,0,1,1,0,d2512
CEN,2025,4,15,15,0,0,7,7,1,0,0,0,d2512
CEN,2025,5,29,27,2,1,15,11,0,1,1,0,d2512
CEN,2025,6,12,12,0,1,7,4,0,0,0,0,d2512
CEN,2025,7,22,18,4,1,11,6,0,0,3,1,d2512
CEN,2025,8,13,13,0,1,8,4,0,0,0,0,d2512
CEN,2025,9,16,13,3,1,11,1,0,0,3,0,d2512
CEN,2025,10,15,13,2,0,10,3,0,0,2,0,d2512
CEN,2025,11,20,17,3,0,10,7,0,1,2,0,d2512
CEN,2025,12,18,13,5,0,8,5,0,0,2,3,d2512
CHCF,2021,1,17,4,13,0,3,1,0,3,10,0,d2201
CHCF,2021,2,16,4,12,1,1,2,0,4,7,1,d2201
CHCF,2021,3,25,6,19,1,2,3,0,8,9,2,d2201
CHCF,2021,4,15,2,13,0,1,1,0,2,11,0,d2201
CHCF,2021,5,26,4,22,0,2,2,0,8,12,2,d2201
CHCF,2021,6,29,11,18,0,8,3,0,5,11,2,d2201
CHCF,2021,7,38,10,28,1,2,7,0,6,18,4,d2201
CHCF,2021,8,41,16,25,1,8,7,0,1,21,3,d2201
CHCF,2021,9,28,5,23,1,2,2,0,4,17,2,d2201
CHCF,2021,10,29,8,21,0,6,2,0,3,16,2,d2201
CHCF,2021,11,38,4,34,1,1,2,0,7,24,3,d2201
CHCF,2021,12,21,4,17,0,1,3,0,2,13,2,d2212
CHCF,2022,1,18,3,15,0,2,1,0,2,12,1,d2212
CHCF,2022,2,20,6,14,0,3,3,0,4,9,1,d2212
CHCF,2022,3,28,12,16,2,5,5,0,5,10,1,d2212
CHCF,2022,4,16,4,12,2,0,2,0,3,9,0,d2212
CHCF,2022,5,16,5,11,0,3,2,0,1,10,0,d2212
CHCF,2022,6,31,12,19,0,5,7,0,3,13,3,d2212
CHCF,2022,7,36,6,30,1,2,3,0,5,18,7,d2212
CHCF,2022,8,29,3,26,0,2,1,0,10,13,3,d2212
CHCF,2022,9,25,7,18,1,2,4,0,4,8,6,d2212
CHCF,2022,10,23,8,15,0,4,4,0,1,11,3,d2212
CHCF,2022,11,21,4,17,1,2,1,0,3,12,2,d2212
CHCF,2022,12,18,7,11,0,5,2,0,2,6,3,d2312
CHCF,2023,1,34,14,20,1,7,6,0,4,16,0,d2312
CHCF,2023,2,20,1,19,0,1,0,0,2,15,2,d2312
CHCF,2023,3,36,6,30,2,2,2,0,6,19,5,d2312
CHCF,2023,4,30,11,19,2,5,4,0,2,16,1,d2312
CHCF,2023,5,37,7,30,1,3,3,0,3,24,3,d2312
CHCF,2023,6,36,5,31,0,2,3,0,2,25,4,d2312
CHCF,2023,7,36,12,24,1,5,6,0,0,21,3,d2312
CHCF,2023,8,55,8,47,1,3,4,0,9,36,2,d2312
CHCF,2023,9,30,3,27,1,0,2,0,11,16,0,d2312
CHCF,2023,10,30,10,20,0,5,5,0,3,16,1,d2312
CHCF,2023,11,30,7,23,2,1,4,0,2,18,3,d2312
CHCF,2023,12,34,0,34,0,0,0,0,9,19,6,d2312
CHCF,2024,1,37,9,28,2,3,4,0,7,14,7,d2501
CHCF,2024,2,38,12,26,0,6,6,0,4,18,4,d2501
CHCF,2024,3,49,8,41,1,2,5,0,7,31,3,d2501
CHCF,2024,4,41,6,35,1,4,1,0,6,23,6,d2501
CHCF,2024,5,33,5,28,0,2,3,0,4,20,4,d2501
CHCF,2024,6,53,8,45,1,3,4,0,10,24,11,d2501
CHCF,2024,7,45,8,37,0,3,5,0,10,19,8,d2501
CHCF,2024,8,37,6,31,0,2,4,0,7,21,3,d2501
CHCF,2024,9,49,7,42,0,5,2,0,9,26,7,d2501
CHCF,2024,10,30,6,24,1,1,4,0,1,17,6,d2501
CHCF,2024,11,38,2,36,0,1,1,0,5,23,8,d2501
CHCF,2024,12,33,12,21,2,3,7,0,2,17,2,d2512
CHCF,2025,1,22,5,17,0,2,3,0,2,11,4,d2512
CHCF,2025,2,16,6,10,3,1,2,0,1,7,2,d2512
CHCF,2025,3,29,8,21,0,5,3,0,0,17,4,d2512
CHCF,2025,4,32,6,26,0,3,3,0,2,20,4,d2512
CHCF,2025,5,34,8,26,1,3,4,0,4,16,6,d2512
CHCF,2025,6,22,6,16,0,3,3,0,3,10,3,d2512
CHCF,2025,7,33,4,29,1,1,2,0,3,20,6,d2512
CHCF,2025,8,51,8,43,1,6,1,0,8,30,5,d2512
CHCF,2025,9,37,3,34,1,1,1,0,3,21,10,d2512
CHCF,2025,10,36,2,34,1,0,1,0,2,27,5,d2512
CHCF,2025,11,47,3,44,0,1,2,0,5,30,9,d2512
CHCF,2025,12,47,6,41,1,3,2,0,1,29,11,d2512
CIM,2021,1,5,2,3,0,1,1,0,0,3,0,d2201
CIM,2021,2,3,2,1,0,2,0,0,0,1,0,d2201
CIM,2021,3,2,0,2,0,0,0,0,1,1,0,d2201
CIM,2021,4,5,4,1,1,1,2,0,0,0,1,d2201
CIM,2021,5,1,1,0,0,1,0,0,0,0,0,d2201
CIM,2021,6,3,3,0,0,3,0,0,0,0,0,d2201
CIM,2021,7,5,3,2,0,2,1,0,1,1,0,d2201
CIM,2021,8,4,3,1,0,2,1,0,0,0,1,d2201
CIM,2021,9,5,4,1,0,3,1,0,0,1,0,d2201
CIM,2021,10,6,4,2,2,1,1,0,1,1,0,d2201
CIM,2021,11,3,3,0,0,2,1,0,0,0,0,d2201
CIM,2021,12,5,5,0,0,3,2,0,0,0,0,d2212
CIM,2022,1,3,1,2,0,1,0,0,0,1,1,d2212
CIM,2022,2,1,1,0,0,1,0,0,0,0,0,d2212
CIM,2022,3,1,1,0,0,0,1,0,0,0,0,d2212
CIM,2022,4,7,3,4,0,3,0,0,2,1,1,d2212
CIM,2022,5,15,14,1,0,11,2,1,0,0,1,d2212
CIM,2022,6,8,5,3,0,4,1,0,0,3,0,d2212
CIM,2022,7,8,4,4,0,3,1,0,1,2,1,d2212
CIM,2022,8,15,9,6,0,6,3,0,1,4,1,d2212
CIM,2022,9,7,2,5,0,1,1,0,1,4,0,d2212
CIM,2022,10,4,2,2,0,1,1,0,0,2,0,d2212
CIM,2022,11,2,1,1,0,1,0,0,0,1,0,d2212
CIM,2022,12,9,7,2,0,6,1,0,0,2,0,d2312
CIM,2023,1,3,2,1,0,1,1,0,0,1,0,d2312
CIM,2023,2,5,3,2,0,3,0,0,0,1,1,d2312
CIM,2023,3,2,0,2,0,0,0,0,0,2,0,d2312
CIM,2023,4,1,1,0,0,0,1,0,0,0,0,d2312
CIM,2023,5,2,0,2,0,0,0,0,0,2,0,d2312
CIM,2023,6,4,2,2,0,2,0,0,0,0,2,d2312
CIM,2023,7,8,4,4,1,3,0,0,1,2,1,d2312
CIM,2023,8,1,1,0,0,1,0,0,0,0,0,d2312
CIM,2023,9,2,0,2,0,0,0,0,0,2,0,d2312
CIM,2023,10,9,6,3,0,4,2,0,0,1,2,d2312
CIM,2023,11,1,0,1,0,0,0,0,0,1,0,d2312
CIM,2023,12,7,6,1,0,4,2,0,0,1,0,d2312
CIM,2024,1,2,1,1,0,0,1,0,0,1,0,d2501
CIM,2024,2,5,3,2,0,1,2,0,0,2,0,d2501
CIM,2024,3,11,4,7,0,1,3,0,1,5,1,d2501
CIM,2024,4,6,4,2,1,1,2,0,0,1,1,d2501
CIM,2024,5,3,0,3,0,0,0,0,0,3,0,d2501
CIM,2024,6,12,9,3,0,5,4,0,1,1,1,d2501
CIM,2024,7,5,0,5,0,0,0,0,2,3,0,d2501
CIM,2024,8,15,6,9,1,2,3,0,2,5,2,d2501
CIM,2024,9,14,8,6,0,6,2,0,1,5,0,d2501
CIM,2024,10,9,5,4,1,3,1,0,1,3,0,d2501
CIM,2024,11,8,5,3,0,4,1,0,0,3,0,d2501
CIM,2024,12,5,3,2,0,1,2,0,1,1,0,d2512
CIM,2025,1,10,7,3,1,2,4,0,0,3,0,d2512
CIM,2025,2,10,6,4,0,4,2,0,1,3,0,d2512
CIM,2025,3,5,3,2,0,2,1,0,0,2,0,d2512
CIM,2025,4,6,1,5,0,0,1,0,1,4,0,d2512
CIM,2025,5,9,3,6,0,2,1,0,0,6,0,d2512
CIM,2025,6,9,3,6,0,3,0,0,0,6,0,d2512
CIM,2025,7,9,5,4,0,2,3,0,1,2,1,d2512
CIM,2025,8,7,0,7,0,0,0,0,2,4,1,d2512
CIM,2025,9,7,3,4,0,1,2,0,0,3,1,d2512
CIM,2025,10,9,7,2,0,2,5,0,1,1,0,d2512
CIM,2025,11,10,3,7,0,1,2,0,2,3,2,d2512
CIM,2025,12,4,3,1,0,3,0,0,1,0,0,d2512
CIW,2021,1,4,1,3,0,0,1,0,0,3,0,d2201
CIW,2021,2,2,0,2,0,0,0,0,0,2,0,d2201
CIW,2021,3,12,5,7,0,2,3,0,3,4,0,d2201
CIW,2021,4,5,1,4,0,0,1,0,2,2,0,d2201
CIW,2021,5,1,0,1,0,0,0,0,1,0,0,d2201
CIW,2021,6,2,2,0,0,0,2,0,0,0,0,d2201
CIW,2021,7,3,1,2,0,0,1,0,1,1,0,d2201
CIW,2021,8,6,2,4,0,1,1,0,2,2,0,d2201
CIW,2021,9,8,4,4,0,3,1,0,0,3,1,d2201
CIW,2021,10,13,4,9,0,2,2,0,0,8,1,d2201
CIW,2021,11,10,5,5,0,2,3,0,1,4,0,d2201
CIW,2021,12,18,4,14,0,1,3,0,3,11,0,d2212
CIW,2022,1,14,0,14,0,0,0,0,4,8,2,d2212
CIW,2022,2,9,5,4,0,3,2,0,2,1,1,d2212
CIW,2022,3,5,1,4,0,0,1,0,1,1,2,d2212
CIW,2022,4,14,2,12,0,1,1,0,1,9,2,d2212
CIW,2022,5,14,3,11,0,1,2,0,3,8,0,d2212
CIW,2022,6,4,0,4,0,0,0,0,1,1,2,d2212
CIW,2022,7,7,4,3,0,1,3,0,2,1,0,d2212
CIW,2022,8,3,0,3,0,0,0,0,0,1,2,d2212
CIW,2022,9,4,0,4,0,0,0,0,1,2,1,d2212
CIW,2022,10,3,1,2,0,0,1,0,0,1,1,d2212
CIW,2022,11,10,1,9,0,1,0,0,5,4,0,d2212
CIW,2022,12,7,3,4,1,1,1,0,1,1,2,d2312
CIW,2023,1,6,3,3,0,1,2,0,2,1,0,d2312
CIW,2023,2,11,4,7,0,1,3,0,0,5,2,d2312
CIW,2023,3,3,0,3,0,0,0,0,0,2,1,d2312
CIW,2023,4,6,2,4,0,1,1,0,0,3,1,d2312
CIW,2023,5,2,2,0,0,1,1,0,0,0,0,d2312
CIW,2023,6,13,5,8,0,3,2,0,2,4,2,d2312
CIW,2023,7,14,8,6,0,3,5,0,1,5,0,d2312
CIW,2023,8,11,3,8,1,1,1,0,2,4,2,d2312
CIW,2023,9,10,6,4,0,2,4,0,0,3,1,d2312
CIW,2023,10,6,1,5,0,1,0,0,1,3,1,d2312
CIW,2023,11,10,6,4,0,2,4,0,0,4,0,d2312
CIW,2023,12,8,0,8,0,0,0,0,2,5,1,d2312
CIW,2024,1,13,6,7,1,4,1,0,3,2,2,d2501
CIW,2024,2,12,10,2,0,5,5,0,0,2,0,d2501
CIW,2024,3,12,1,11,0,0,1,0,5,3,3,d2501
CIW,2024,4,13,4,9,0,2,2,0,2,4,3,d2501
CIW,2024,5,5,2,3,0,0,2,0,1,2,0,d2501
CIW,2024,6,9,6,3,0,4,2,0,0,2,1,d2501
CIW,2024,7,13,6,7,1,1,4,0,1,4,2,d2501
CIW,2024,8,13,7,6,2,0,3,2,2,4,0,d2501
CIW,2024,9,11,4,7,0,2,2,0,2,3,2,d2501
CIW,2024,10,13,5,8,0,1,4,0,3,4,1,d2501
CIW,2024,11,4,1,3,0,0,1,0,0,3,0,d2501
CIW,2024,12,11,6,5,0,3,3,0,3,2,0,d2512
CIW,2025,1,20,12,8,0,6,6,0,5,3,0,d2512
CIW,2025,2,22,6,16,0,0,4,2,3,6,7,d2512
CIW,2025,3,12,6,6,0,2,4,0,3,3,0,d2512
CIW,2025,4,12,7,5,0,2,5,0,2,2,1,d2512
CIW,2025,5,11,5,6,0,4,1,0,1,5,0,d2512
CIW,2025,6,18,9,9,1,4,4,0,3,6,0,d2512
CIW,2025,7,13,5,8,0,1,4,0,2,3,3,d2512
CIW,2025,8,16,8,8,0,4,4,0,1,6,1,d2512
CIW,2025,9,4,1,3,0,0,1,0,0,2,1,d2512
CIW,2025,10,13,4,9,0,2,2,0,7,2,0,d2512
CIW,2025,11,17,8,9,0,3,5,0,2,5,2,d2512
CIW,2025,12,10,4,6,0,2,2,0,1,5,0,d2512
CMC,2021,1,6,2,4,0,1,1,0,1,3,0,d2201
CMC,2021,2,1,1,0,0,0,1,0,0,0,0,d2201
CMC,2021,3,6,4,2,0,1,3,0,2,0,0,d2201
CMC,2021,4,11,0,11,0,0,0,0,3,6,2,d2201
CMC,2021,5,12,7,5,0,3,4,0,4,1,0,d2201
CMC,2021,6,9,3,6,0,1,2,0,1,5,0,d2201
CMC,2021,7,9,2,7,0,0,2,0,3,2,2,d2201
CMC,2021,8,6,3,3,0,1,2,0,2,1,0,d2201
CMC,2021,9,10,4,6,0,4,0,0,0,5,1,d2201
CMC,2021,10,14,7,7,1,3,3,0,1,5,1,d2201
CMC,2021,11,12,8,4,1,6,1,0,3,1,0,d2201
CMC,2021,12,13,5,8,1,3,1,0,4,2,2,d2212
CMC,2022,1,6,3,3,1,0,1,1,1,2,0,d2212
CMC,2022,2,15,5,10,0,2,3,0,1,6,3,d2212
CMC,2022,3,8,1,7,0,1,0,0,2,5,0,d2212
CMC,2022,4,14,7,7,0,2,3,2,4,3,0,d2212
CMC,2022,5,12,5,7,0,3,2,0,2,5,0,d2212
CMC,2022,6,17,5,12,0,2,3,0,1,10,1,d2212
CMC,2022,7,13,5,8,0,4,1,0,3,4,1,d2212
CMC,2022,8,11,4,7,0,1,3,0,2,4,1,d2212
CMC,2022,9,17,5,12,0,4,1,0,1,10,1,d2212
CMC,2022,10,9,3,6,0,1,2,0,2,3,1,d2212
CMC,2022,11,14,5,9,0,2,3,0,1,7,1,d2212
CMC,2022,12,24,12,12,1,5,4,2,2,7,3,d2312
CMC,2023,1,18,4,14,1,3,0,0,4,9,1,d2312
CMC,2023,2,14,7,7,1,4,2,0,1,5,1,d2312
CMC,2023,3,22,5,17,0,2,3,0,3,13,1,d2312
CMC,2023,4,16,7,9,1,3,3,0,1,7,1,d2312
CMC,2023,5,21,6,15,0,3,3,0,1,9,5,d2312
CMC,2023,6,18,5,13,0,2,3,0,4,6,3,d2312
CMC,2023,7,14,4,10,0,2,2,0,2,5,3,d2312
CMC,2023,8,14,6,8,0,2,4,0,3,5,0,d2312
CMC,2023,9,11,3,8,0,1,2,0,4,4,0,d2312
CMC,2023,10,17,2,15,0,1,1,0,0,14,1,d2312
CMC,2023,11,12,2,10,0,2,0,0,1,9,0,d2312
CMC,2023,12,17,4,13,1,1,2,0,3,9,1,d2312
CMC,2024,1,13,3,10,0,0,3,0,2,7,1,d2501
CMC,2024,2,16,11,5,1,7,3,0,1,3,1,d2501
CMC,2024,3,18,4,14,0,3,1,0,4,8,2,d2501
CMC,2024,4,21,3,18,1,1,1,0,5,13,0,d2501
CMC,2024,5,30,8,22,1,2,5,0,6,14,2,d2501
CMC,2024,6,23,9,14,0,6,3,0,3,11,0,d2501
CMC,2024,7,14,0,14,0,0,0,0,6,6,2,d2501
CMC,2024,8,11,3,8,0,1,2,0,2,4,2,d2501
CMC,2024,9,17,10,7,2,4,4,0,3,3,1,d2501
CMC,2024,10,23,9,14,1,5,3,0,4,8,2,d2501
CMC,2024,11,13,2,11,0,2,0,0,5,6,0,d2501
CMC,2024,12,18,9,9,0,2,7,0,4,5,0,d2512
CMC,2025,1,6,4,2,0,2,2,0,1,1,0,d2512
CMC,2025,2,16,4,12,0,2,2,0,3,8,1,d2512
CMC,2025,3,12,7,5,0,6,1,0,0,3,2,d2512
CMC,2025,4,20,6,14,0,5,1,0,4,8,2,d2512
CMC,2025,5,18,7,11,0,5,2,0,1,8,2,d2512
CMC,2025,6,26,12,14,0,5,7,0,4,9,1,d2512
CMC,2025,7,14,7,7,1,1,5,0,3,3,1,d2512
CMC,2025,8,19,6,13,0,2,4,0,6,7,0,d2512
CMC,2025,9,13,5,8,0,3,2,0,5,2,1,d2512
CMC,2025,10,12,3,9,0,1,2,0,0,9,0,d2512
CMC,2025,11,7,2,5,0,1,1,0,2,3,0,d2512
CMC,2025,12,21,4,17,0,1,3,0,4,12,1,d2512
CMF,2021,1,29,5,24,0,2,3,0,2,17,5,d2201
CMF,2021,2,6,1,5,0,1,0,0,0,3,2,d2201
CMF,2021,3,27,1,26,0,1,0,0,4,16,6,d2201
CMF,2021,4,29,6,23,1,2,3,0,0,18,5,d2201
CMF,2021,5,22,3,19,0,1,2,0,0,17,2,d2201
CMF,2021,6,18,5,13,0,3,2,0,2,10,1,d2201
CMF,2021,7,31,11,20,0,6,5,0,3,14,3,d2201
CMF,2021,8,25,1,24,0,1,0,0,5,14,5,d2201
CMF,2021,9,29,5,24,0,2,3,0,2,17,5,d2201
CMF,2021,10,17,7,10,1,5,1,0,0,7,3,d2201
CMF,2021,11,14,6,8,0,3,3,0,2,4,2,d2201
CMF,2021,12,27,9,18,1,6,2,0,4,12,2,d2212
CMF,2022,1,16,6,10,0,3,3,0,1,8,1,d2212
CMF,2022,2,25,6,19,0,4,2,0,7,10,2,d2212
CMF,2022,3,16,0,16,0,0,0,0,3,11,2,d2212
CMF,2022,4,34,3,31,0,2,1,0,5,22,4,d2212
CMF,2022,5,21,2,19,0,0,2,0,5,13,1,d2212
CMF,2022,6,26,6,20,0,3,3,0,3,12,5,d2212
CMF,2022,7,32,4,28,0,3,1,0,3,21,4,d2212
CMF,2022,8,51,13,38,0,9,3,1,8,23,7,d2212
CMF,2022,9,40,4,36,1,1,2,0,1,31,4,d2212
CMF,2022,10,17,2,15,0,1,1,0,2,10,3,d2212
CMF,2022,11,24,7,17,0,3,4,0,3,13,1,d2212
CMF,2022,12,21,4,17,0,1,3,0,2,12,3,d2312
CMF,2023,1,40,5,35,1,2,2,0,6,26,3,d2312
CMF,2023,2,22,6,16,0,4,2,0,2,12,2,d2312
CMF,2023,3,19,2,17,0,1,1,0,3,10,4,d2312
CMF,2023,4,14,4,10,0,2,2,0,0,8,2,d2312
CMF,2023,5,21,7,14,1,3,3,0,0,10,4,d2312
CMF,2023,6,25,8,17,0,4,4,0,3,11,3,d2312
CMF,2023,7,19,3,16,0,2,1,0,2,11,3,d2312
CMF,2023,8,30,9,21,0,4,5,0,3,12,6,d2312
CMF,2023,9,13,3,10,0,1,2,0,1,7,2,d2312
CMF,2023,10,20,4,16,0,1,3,0,4,10,2,d2312
CMF,2023,11,20,3,17,0,2,1,0,4,9,4,d2312
CMF,2023,12,23,5,18,0,5,0,0,2,10,6,d2312
CMF,2024,1,36,13,23,0,6,7,0,3,12,8,d2501
CMF,2024,2,20,5,15,0,2,3,0,2,11,2,d2501
CMF,2024,3,36,8,28,0,5,3,0,2,20,6,d2501
CMF,2024,4,23,3,20,0,1,2,0,4,11,5,d2501
CMF,2024,5,31,8,23,0,5,3,0,3,15,5,d2501
CMF,2024,6,19,5,14,0,3,1,1,2,8,4,d2501
CMF,2024,7,26,5,21,0,1,4,0,2,11,8,d2501
CMF,2024,8,36,5,31,0,3,2,0,1,20,10,d2501
CMF,2024,9,20,3,17,0,1,2,0,2,11,4,d2501
CMF,2024,10,40,2,38,1,0,1,0,8,20,10,d2501
CMF,2024,11,23,1,22,0,0,1,0,2,15,5,d2501
CMF,2024,12,32,6,26,0,3,3,0,2,12,12,d2512
CMF,2025,1,26,3,23,1,0,2,0,2,10,11,d2512
CMF,2025,2,20,3,17,0,2,1,0,5,9,3,d2512
CMF,2025,3,31,2,29,0,1,1,0,2,16,11,d2512
CMF,2025,4,34,6,28,0,5,1,0,2,19,7,d2512
CMF,2025,5,41,8,33,0,5,3,0,2,23,8,d2512
CMF,2025,6,34,1,33,0,1,0,0,3,18,12,d2512
CMF,2025,7,24,6,18,1,0,5,0,3,13,2,d2512
CMF,2025,8,34,3,31,0,2,1,0,0,21,10,d2512
CMF,2025,9,35,6,29,1,2,3,0,6,15,8,d2512
CMF,2025,10,44,7,37,1,3,3,0,5,21,11,d2512
CMF,2025,11,36,10,26,1,7,2,0,2,17,7,d2512
CMF,2025,12,39,5,34,0,1,4,0,5,26,3,d2512
COR,2021,1,12,7,5,0,5,2,0,4,1,0,d2201
COR,2021,2,15,7,8,0,4,3,0,1,6,1,d2201
COR,2021,3,15,10,5,0,6,4,0,1,3,1,d2201
COR,2021,4,14,11,3,0,7,4,0,2,1,0,d2201
COR,2021,5,25,18,7,0,9,9,0,1,4,2,d2201
COR,2021,6,21,15,6,0,8,7,0,0,5,1,d2201
COR,2021,7,14,7,7,0,6,1,0,2,4,1,d2201
COR,2021,8,21,15,6,1,9,5,0,0,5,1,d2201
COR,2021,9,30,16,14,1,8,7,0,1,11,2,d2201
COR,2021,10,27,11,16,0,6,5,0,0,14,2,d2201
COR,2021,11,27,16,11,0,10,5,1,0,10,1,d2201
COR,2021,12,45,26,19,0,11,13,2,3,8,8,d2212
COR,2022,1,26,12,14,1,3,7,1,2,7,5,d2212
COR,2022,2,25,11,14,0,3,8,0,3,8,3,d2212
COR,2022,3,37,20,17,0,11,9,0,2,11,4,d2212
COR,2022,4,33,19,14,0,11,8,0,3,8,3,d2212
COR,2022,5,43,18,25,0,11,7,0,3,15,7,d2212
COR,2022,6,53,31,22,0,22,9,0,3,16,3,d2212
COR,2022,7,36,18,18,0,15,3,0,2,12,4,d2212
COR,2022,8,41,12,29,0,6,5,1,7,17,5,d2212
COR,2022,9,33,19,14,0,12,6,1,1,10,3,d2212
COR,2022,10,43,16,27,1,7,8,0,2,20,5,d2212
COR,2022,11,40,22,18,1,10,11,0,3,11,4,d2212
COR,2022,12,54,18,36,0,11,7,0,6,25,5,d2312
COR,2023,1,64,22,42,0,10,11,1,7,27,8,d2312
COR,2023,2,59,29,30,0,14,14,1,5,25,0,d2312
COR,2023,3,54,29,25,2,13,13,1,1,19,5,d2312
COR,2023,4,67,25,42,1,12,12,0,5,30,7,d2312
COR,2023,5,45,13,32,0,9,4,0,5,22,5,d2312
COR,2023,6,34,11,23,1,3,7,0,5,15,3,d2312
COR,2023,7,61,18,43,0,10,8,0,13,28,2,d2312
COR,2023,8,60,24,36,1,13,9,1,3,28,5,d2312
COR,2023,9,51,21,30,2,7,12,0,7,17,6,d2312
COR,2023,10,44,23,21,1,11,11,0,3,15,3,d2312
COR,2023,11,52,22,30,1,11,10,0,7,19,4,d2312
COR,2023,12,64,23,41,0,15,7,1,5,34,2,d2312
COR,2024,1,65,29,36,1,15,12,1,5,26,5,d2501
COR,2024,2,53,21,32,0,10,11,0,2,25,5,d2501
COR,2024,3,59,12,47,0,4,8,0,7,36,4,d2501
COR,2024,4,42,8,34,0,4,4,0,1,31,2,d2501
COR,2024,5,50,7,43,0,5,2,0,5,36,2,d2501
COR,2024,6,36,15,21,0,5,9,1,3,16,2,d2501
COR,2024,7,43,6,37,0,3,3,0,3,32,2,d2501
COR,2024,8,58,15,43,1,5,9,0,2,33,8,d2501
COR,2024,9,38,8,30,0,5,3,0,4,23,3,d2501
COR,2024,10,46,24,22,3,16,5,0,2,18,2,d2501
COR,2024,11,50,19,31,1,10,7,1,10,19,2,d2501
COR,2024,12,42,6,36,0,1,5,0,4,29,3,d2512
COR,2025,1,40,10,30,2,4,4,0,4,21,5,d2512
COR,2025,2,54,8,46,2,3,3,0,8,36,2,d2512
COR,2025,3,66,6,60,1,3,2,0,16,37,7,d2512
COR,2025,4,53,10,43,1,6,3,0,3,33,7,d2512
COR,2025,5,95,14,81,1,11,2,0,12,57,12,d2512
COR,2025,6,56,3,53,1,1,1,0,10,34,9,d2512
COR,2025,7,61,7,54,0,2,4,1,16,35,3,d2512
COR,2025,8,65,4,61,0,3,1,0,13,44,4,d2512
COR,2025,9,76,12,64,3,3,6,0,13,46,5,d2512
COR,2025,10,68,13,55,0,4,9,0,13,41,1,d2512
COR,2025,11,40,4,36,0,2,2,0,4,31,1,d2512
COR,2025,12,53,8,45,0,6,2,0,4,37,4,d2512
CRC,2021,1,4,1,3,0,0,1,0,1,1,1,d2201
CRC,2021,2,0,0,0,0,0,0,0,0,0,0,d2201
CRC,2021,3,6,6,0,0,3,3,0,0,0,0,d2201
CRC,2021,4,6,4,2,0,3,1,0,1,1,0,d2201
CRC,2021,5,7,5,2,0,3,2,0,0,1,1,d2201
CRC,2021,6,8,6,2,0,3,3,0,0,2,0,d2201
CRC,2021,7,11,7,4,0,6,1,0,1,3,0,d2201
CRC,2021,8,7,5,2,0,3,1,1,0,2,0,d2201
CRC,2021,9,12,7,5,0,5,2,0,1,4,0,d2201
CRC,2021,10,13,10,3,0,7,3,0,0,2,1,d2201
CRC,2021,11,19,12,7,0,8,4,0,1,6,0,d2201
CRC,2021,12,5,5,0,0,3,1,1,0,0,0,d2212
CRC,2022,1,4,3,1,0,2,1,0,0,1,0,d2212
CRC,2022,2,5,4,1,0,3,1,0,0,1,0,d2212
CRC,2022,3,4,2,2,0,1,1,0,1,1,0,d2212
CRC,2022,4,7,4,3,0,2,2,0,0,2,1,d2212
CRC,2022,5,9,9,0,0,6,2,1,0,0,0,d2212
CRC,2022,6,15,9,6,2,4,2,1,0,5,1,d2212
CRC,2022,7,2,2,0,0,1,1,0,0,0,0,d2212
CRC,2022,8,8,6,2,0,3,3,0,2,0,0,d2212
CRC,2022,9,12,11,1,0,8,3,0,0,0,1,d2212
CRC,2022,10,4,2,2,0,1,1,0,0,2,0,d2212
CRC,2022,11,10,9,1,0,7,2,0,1,0,0,d2212
CRC,2022,12,18,16,2,0,12,4,0,1,1,0,d2312
CRC,2023,1,20,14,6,0,6,6,2,0,5,1,d2312
CRC,2023,2,11,6,5,0,3,3,0,1,4,0,d2312
CRC,2023,3,8,2,6,0,1,1,0,0,6,0,d2312
CRC,2023,4,7,4,3,0,3,1,0,0,3,0,d2312
CRC,2023,5,13,12,1,0,10,2,0,1,0,0,d2312
CRC,2023,6,19,12,7,0,9,3,0,1,5,1,d2312
CRC,2023,7,14,7,7,1,3,2,1,0,4,3,d2312
CRC,2023,8,14,6,8,0,4,2,0,2,5,1,d2312
CRC,2023,9,11,6,5,1,4,1,0,1,4,0,d2312
CRC,2023,10,12,8,4,0,6,2,0,3,1,0,d2312
CRC,2023,11,16,10,6,3,5,1,1,0,6,0,d2312
CRC,2023,12,13,8,5,0,4,4,0,1,4,0,d2312
CRC,2024,1,17,13,4,0,8,4,1,0,4,0,d2501
CRC,2024,2,14,10,4,0,3,6,1,1,3,0,d2501
CRC,2024,3,14,10,4,0,6,4,0,1,3,0,d2501
CRC,2024,4,11,7,4,0,3,4,0,1,3,0,d2501
CRC,2024,5,11,8,3,0,5,3,0,0,3,0,d2501
CRC,2024,6,6,5,1,0,3,2,0,0,1,0,d2501
CRC,2024,7,16,13,3,0,7,6,0,0,3,0,d2501
CRC,2024,8,8,6,2,0,5,1,0,2,0,0,d2501
CRC,2024,9,27,23,4,0,18,5,0,0,4,0,d2501
CRC,2024,10,20,16,4,0,14,2,0,1,2,1,d2501
CRC,2024,11,13,8,5,0,6,2,0,1,4,0,d2501
CRC,2024,12,15,12,3,0,8,4,0,1,2,0,d2512
CRC,2025,1,16,10,6,2,7,1,0,2,4,0,d2512
CRC,2025,2,14,11,3,1,9,1,0,2,1,0,d2512
CRC,2025,3,17,13,4,1,10,2,0,2,2,0,d2512
CRC,2025,4,19,15,4,1,13,1,0,2,2,0,d2512
CRC,2025,5,15,14,1,0,12,2,0,1,0,0,d2512
CRC,2025,6,13,10,3,0,6,4,0,0,2,1,d2512
CRC,2025,7,19,12,7,0,10,2,0,1,5,1,d2512
CRC,2025,8,4,2,2,0,2,0,0,1,1,0,d2512
CRC,2025,9,10,9,1,0,4,5,0,0,1,0,d2512
CRC,2025,10,9,7,2,0,5,2,0,0,2,0,d2512
CRC,2025,11,2,2,0,0,2,0,0,0,0,0,d2512
CRC,2025,12,3,1,2,0,1,0,0,0,2,0,d2512
CTF,2021,1,1,0,1,0,0,0,0,0,1,0,d2201
CTF,2021,2,4,4,0,0,2,2,0,0,0,0,d2201
CTF,2021,3,1,0,1,0,0,0,0,0,1,0,d2201
CTF,2021,4,4,3,1,0,1,2,0,1,0,0,d2201
CTF,2021,5,10,8,2,0,4,3,1,1,1,0,d2201
CTF,2021,6,3,2,1,0,0,2,0,0,1,0,d2201
CTF,2021,7,7,7,0,0,7,0,0,0,0,0,d2201
CTF,2021,8,3,3,0,0,2,1,0,0,0,0,d2201
CTF,2021,9,3,2,1,0,2,0,0,1,0,0,d2201
CTF,2021,10,10,9,1,3,3,3,0,0,1,0,d2201
CTF,2021,11,2,1,1,0,0,1,0,0,0,1,d2201
CTF,2021,12,1,1,0,0,1,0,0,0,0,0,d2212
CTF,2022,1,0,0,0,0,0,0,0,0,0,0,d2212
CTF,2022,2,2,2,0,0,1,1,0,0,0,0,d2212
CTF,2022,3,4,2,2,0,0,2,0,0,2,0,d2212
CTF,2022,4,3,3,0,0,2,1,0,0,0,0,d2212
CTF,2022,5,3,3,0,0,2,1,0,0,0,0,d2212
CTF,2022,6,4,3,1,0,2,1,0,0,1,0,d2212
CTF,2022,7,6,5,1,0,4,1,0,0,1,0,d2212
CTF,2022,8,3,2,1,0,2,0,0,0,1,0,d2212
CTF,2022,9,3,2,1,0,2,0,0,0,1,0,d2212
CTF,2022,10,5,4,1,0,2,2,0,1,0,0,d2212
CTF,2022,11,0,0,0,0,0,0,0,0,0,0,d2212
CTF,2022,12,1,0,1,0,0,0,0,0,1,0,d2312
CTF,2023,1,2,2,0,0,2,0,0,0,0,0,d2312
CTF,2023,2,3,2,1,0,1,1,0,0,0,1,d2312
CTF,2023,3,5,3,2,0,2,1,0,0,1,1,d2312
CTF,2023,4,6,3,3,0,2,1,0,0,2,1,d2312
CTF,2023,5,5,3,2,0,3,0,0,0,2,0,d2312
CTF,2023,6,2,1,1,0,1,0,0,0,1,0,d2312
CTF,2023,7,6,5,1,0,3,2,0,0,0,1,d2312
CTF,2023,8,7,5,2,1,2,2,0,0,2,0,d2312
CTF,2023,9,6,5,1,0,4,1,0,0,1,0,d2312
CTF,2023,10,14,10,4,3,2,5,0,1,3,0,d2312
CTF,2023,11,3,0,3,0,0,0,0,1,2,0,d2312
CTF,2023,12,5,4,1,0,3,1,0,0,1,0,d2312
CTF,2024,1,7,3,4,1,2,0,0,0,3,1,d2501
CTF,2024,2,3,2,1,0,1,1,0,0,1,0,d2501
CTF,2024,3,3,1,2,0,1,0,0,1,0,1,d2501
CTF,2024,4,5,3,2,0,1,2,0,0,2,0,d2501
CTF,2024,5,8,5,3,0,3,2,0,0,3,0,d2501
CTF,2024,6,3,2,1,0,1,1,0,0,1,0,d2501
CTF,2024,7,6,2,4,1,0,1,0,0,3,1,d2501
CTF,2024,8,6,4,2,0,2,2,0,0,1,1,d2501
CTF,2024,9,2,0,2,0,0,0,0,1,1,0,d2501
CTF,2024,10,9,3,6,0,3,0,0,1,5,0,d2501
CTF,2024,11,12,7,5,0,4,3,0,1,4,0,d2501
CTF,2024,12,7,6,1,0,2,4,0,0,1,0,d2512
CTF,2025,1,5,3,2,0,2,1,0,0,2,0,d2512
CTF,2025,2,8,6,2,0,5,1,0,0,2,0,d2512
CTF,2025,3,8,5,3,1,3,1,0,0,3,0,d2512
CTF,2025,4,4,4,0,1,2,1,0,0,0,0,d2512
CTF,2025,5,9,6,3,1,3,2,0,0,3,0,d2512
CTF,2025,6,7,6,1,1,3,2,0,0,1,0,d2512
CTF,2025,7,3,3,0,0,2,1,0,0,0,0,d2512
CTF,2025,8,9,9,0,2,4,3,0,0,0,0,d2512
CTF,2025,9,2,1,1,0,0,1,0,0,1,0,d2512
CTF,2025,10,3,1,2,0,1,0,0,0,1,1,d2512
CTF,2025,11,4,2,2,0,2,0,0,1,1,0,d2512
CTF,2025,12,9,5,4,2,2,1,0,0,4,0,d2512
CVSP,2021,1,2,2,0,0,1,1,0,0,0,0,d2201
CVSP,2021,2,0,0,0,0,0,0,0,0,0,0,d2201
CVSP,2021,3,0,0,0,0,0,0,0,0,0,0,d2201
CVSP,2021,4,0,0,0,0,0,0,0,0,0,0,d2201
CVSP,2021,5,2,2,0,0,1,1,0,0,0,0,d2201
CVSP,2021,6,16,16,0,0,6,8,2,0,0,0,d2201
CVSP,2021,7,2,2,0,0,1,1,0,0,0,0,d2201
CVSP,2021,8,1,1,0,0,1,0,0,0,0,0,d2201
CVSP,2021,9,4,2,2,0,1,1,0,0,1,1,d2201
CVSP,2021,10,2,2,0,0,1,1,0,0,0,0,d2201
CVSP,2021,11,2,2,0,0,1,1,0,0,0,0,d2201
CVSP,2021,12,4,4,0,1,2,1,0,0,0,0,d2212
CVSP,2022,1,3,3,0,0,2,1,0,0,0,0,d2212
CVSP,2022,2,1,1,0,0,0,1,0,0,0,0,d2212
CVSP,2022,3,0,0,0,0,0,0,0,0,0,0,d2212
CVSP,2022,4,1,1,0,0,0,1,0,0,0,0,d2212
CVSP,2022,5,0,0,0,0,0,0,0,0,0,0,d2212
CVSP,2022,6,1,1,0,0,0,1,0,0,0,0,d2212
CVSP,2022,7,2,2,0,0,0,2,0,0,0,0,d2212
CVSP,2022,8,0,0,0,0,0,0,0,0,0,0,d2212
CVSP,2022,9,0,0,0,0,0,0,0,0,0,0,d2212
CVSP,2022,10,2,2,0,0,1,1,0,0,0,0,d2212
CVSP,2022,11,3,3,0,0,1,2,0,0,0,0,d2212
CVSP,2022,12,2,2,0,0,1,1,0,0,0,0,d2312
CVSP,2023,1,2,2,0,0,1,1,0,0,0,0,d2312
CVSP,2023,2,0,0,0,0,0,0,0,0,0,0,d2312
CVSP,2023,3,1,1,0,0,1,0,0,0,0,0,d2312
CVSP,2023,4,4,4,0,0,2,2,0,0,0,0,d2312
CVSP,2023,5,4,3,1,0,2,1,0,0,1,0,d2312
CVSP,2023,6,1,1,0,0,1,0,0,0,0,0,d2312
CVSP,2023,7,4,4,0,0,3,1,0,0,0,0,d2312
CVSP,2023,8,2,2,0,0,1,1,0,0,0,0,d2312
CVSP,2023,9,0,0,0,0,0,0,0,0,0,0,d2312
CVSP,2023,10,1,0,1,0,0,0,0,0,1,0,d2312
CVSP,2023,11,1,1,0,0,1,0,0,0,0,0,d2312
CVSP,2023,12,0,0,0,0,0,0,0,0,0,0,d2312
CVSP,2024,1,0,0,0,0,0,0,0,0,0,0,d2501
CVSP,2024,2,0,0,0,0,0,0,0,0,0,0,d2501
CVSP,2024,3,3,3,0,0,2,1,0,0,0,0,d2501
CVSP,2024,4,0,0,0,0,0,0,0,0,0,0,d2501
CVSP,2024,5,0,0,0,0,0,0,0,0,0,0,d2501
CVSP,2024,6,0,0,0,0,0,0,0,0,0,0,d2501
DVI,2021,1,3,0,3,0,0,0,0,0,2,1,d2201
DVI,2021,2,2,2,0,0,1,1,0,0,0,0,d2201
DVI,2021,3,1,0,1,0,0,0,0,0,1,0,d2201
DVI,2021,4,0,0,0,0,0,0,0,0,0,0,d2201
DVI,2021,5,2,1,1,0,0,1,0,0,1,0,d2201
DVI,2021,6,0,0,0,0,0,0,0,0,0,0,d2201
FOL,2021,1,7,6,1,0,3,3,0,0,0,1,d2201
FOL,2021,2,4,4,0,2,2,0,0,0,0,0,d2201
FOL,2021,3,6,3,3,0,2,1,0,0,3,0,d2201
FOL,2021,4,5,5,0,0,5,0,0,0,0,0,d2201
FOL,2021,5,2,2,0,0,2,0,0,0,0,0,d2201
FOL,2021,6,11,9,2,0,7,2,0,0,0,2,d2201
FOL,2021,7,3,3,0,0,1,2,0,0,0,0,d2201
FOL,2021,8,2,2,0,0,2,0,0,0,0,0,d2201
FOL,2021,9,3,3,0,0,2,1,0,0,0,0,d2201
FOL,2021,10,12,11,1,0,8,3,0,0,1,0,d2201
FOL,2021,11,5,4,1,0,4,0,0,0,1,0,d2201
FOL,2021,12,20,16,4,0,11,5,0,0,4,0,d2212
FOL,2022,1,4,3,1,0,3,0,0,0,1,0,d2212
FOL,2022,2,8,7,1,0,6,1,0,0,1,0,d2212
FOL,2022,3,19,18,1,1,14,3,0,0,1,0,d2212
FOL,2022,4,13,12,1,0,10,2,0,0,1,0,d2212
FOL,2022,5,10,8,2,0,8,0,0,0,2,0,d2212
FOL,2022,6,12,10,2,0,5,5,0,0,1,1,d2212
FOL,2022,7,7,4,3,0,3,1,0,0,3,0,d2212
FOL,2022,8,12,11,1,1,8,2,0,0,1,0,d2212
FOL,2022,9,15,11,4,0,9,2,0,0,2,2,d2212
FOL,2022,10,6,5,1,0,1,3,1,0,0,1,d2212
FOL,2022,11,12,11,1,0,2,5,4,0,1,0,d2212
FOL,2022,12,5,4,1,1,3,0,0,1,0,0,d2312
FOL,2023,1,7,6,1,0,5,1,0,0,1,0,d2312
FOL,2023,2,9,9,0,2,7,0,0,0,0,0,d2312
FOL,2023,3,15,15,0,1,11,2,1,0,0,0,d2312
FOL,2023,4,18,17,1,0,17,0,0,0,0,1,d2312
FOL,2023,5,5,4,1,0,2,2,0,0,1,0,d2312
FOL,2023,6,14,13,1,1,9,3,0,0,1,0,d2312
FOL,2023,7,6,6,0,0,4,2,0,0,0,0,d2312
FOL,2023,8,5,5,0,0,3,2,0,0,0,0,d2312
FOL,2023,9,5,5,0,2,1,2,0,0,0,0,d2312
FOL,2023,10,5,4,1,0,2,2,0,0,1,0,d2312
FOL,2023,11,10,9,1,1,7,1,0,1,0,0,d2312
FOL,2023,12,6,4,2,0,2,2,0,0,2,0,d2312
FOL,2024,1,19,18,1,0,13,5,0,0,1,0,d2501
FOL,2024,2,7,5,2,0,5,0,0,0,2,0,d2501
FOL,2024,3,9,6,3,0,5,1,0,0,3,0,d2501
FOL,2024,4,4,3,1,1,1,1,0,0,1,0,d2501
FOL,2024,5,4,4,0,0,2,2,0,0,0,0,d2501
FOL,2024,6,10,9,1,0,8,1,0,0,1,0,d2501
FOL,2024,7,9,8,1,1,7,0,0,0,1,0,d2501
FOL,2024,8,4,3,1,0,3,0,0,0,1,0,d2501
FOL,2024,9,18,16,2,1,10,4,1,0,1,1,d2501
FOL,2024,10,7,6,1,0,5,1,0,0,1,0,d2501
FOL,2024,11,13,12,1,0,9,3,0,0,0,1,d2501
FOL,2024,12,8,8,0,0,6,2,0,0,0,0,d2512
FOL,2025,1,13,13,0,0,8,5,0,0,0,0,d2512
FOL,2025,2,10,8,2,0,7,1,0,0,1,1,d2512
FOL,2025,3,25,21,4,1,14,6,0,1,2,1,d2512
FOL,2025,4,21,16,5,2,12,2,0,0,5,0,d2512
FOL,2025,5,12,11,1,0,9,2,0,0,1,0,d2512
FOL,2025,6,18,14,4,1,12,1,0,0,4,0,d2512
FOL,2025,7,7,7,0,0,5,2,0,0,0,0,d2512
FOL,2025,8,6,0,6,0,0,0,0,0,5,1,d2512
FOL,2025,9,15,9,6,0,9,0,0,1,5,0,d2512
FOL,2025,10,7,5,2,0,3,2,0,0,1,1,d2512
FOL,2025,11,6,6,0,0,5,1,0,0,0,0,d2512
FOL,2025,12,12,9,3,0,7,2,0,0,3,0,d2512
HDSP,2021,1,20,17,3,0,12,5,0,1,2,0,d2201
HDSP,2021,2,18,14,4,0,10,4,0,0,3,1,d2201
HDSP,2021,3,36,29,7,0,15,13,1,1,4,2,d2201
HDSP,2021,4,36,25,11,1,16,8,0,2,6,3,d2201
HDSP,2021,5,46,40,6,0,13,23,4,0,6,0,d2201
HDSP,2021,6,40,32,8,2,16,12,2,1,4,3,d2201
HDSP,2021,7,19,15,4,0,6,9,0,1,2,1,d2201
HDSP,2021,8,21,16,5,0,10,6,0,1,1,3,d2201
HDSP,2021,9,35,32,3,1,13,17,1,0,3,0,d2201
HDSP,2021,10,36,34,2,1,12,21,0,0,1,1,d2201
HDSP,2021,11,43,35,8,0,24,9,2,0,6,2,d2201
HDSP,2021,12,19,17,2,0,10,7,0,0,1,1,d2212
HDSP,2022,1,11,7,4,0,6,1,0,1,2,1,d2212
HDSP,2022,2,11,9,2,0,6,2,1,0,1,1,d2212
HDSP,2022,3,41,39,2,1,23,12,3,0,1,1,d2212
HDSP,2022,4,25,20,5,0,8,11,1,0,4,1,d2212
HDSP,2022,5,24,22,2,0,15,7,0,0,1,1,d2212
HDSP,2022,6,23,18,5,0,10,8,0,2,3,0,d2212
HDSP,2022,7,14,14,0,1,6,6,1,0,0,0,d2212
HDSP,2022,8,22,18,4,0,13,5,0,0,4,0,d2212
HDSP,2022,9,23,23,0,0,15,8,0,0,0,0,d2212
HDSP,2022,10,11,7,4,0,2,5,0,2,1,1,d2212
HDSP,2022,11,16,12,4,0,7,4,1,1,1,2,d2212
HDSP,2022,12,9,9,0,0,6,3,0,0,0,0,d2312
HDSP,2023,1,11,9,2,0,6,3,0,2,0,0,d2312
HDSP,2023,2,9,9,0,0,6,3,0,0,0,0,d2312
HDSP,2023,3,24,22,2,0,16,6,0,1,1,0,d2312
HDSP,2023,4,18,17,1,0,11,6,0,0,1,0,d2312
HDSP,2023,5,12,12,0,1,5,4,2,0,0,0,d2312
HDSP,2023,6,16,13,3,1,10,2,0,0,3,0,d2312
HDSP,2023,7,17,17,0,0,9,8,0,0,0,0,d2312
HDSP,2023,8,29,27,2,0,16,11,0,1,0,1,d2312
HDSP,2023,9,15,11,4,0,7,4,0,0,1,3,d2312
HDSP,2023,10,29,26,3,0,16,9,1,1,1,1,d2312
HDSP,2023,11,17,13,4,1,11,1,0,0,3,1,d2312
HDSP,2023,12,9,9,0,0,6,3,0,0,0,0,d2312
HDSP,2024,1,17,16,1,1,7,8,0,0,1,0,d2501
HDSP,2024,2,11,10,1,0,7,3,0,0,1,0,d2501
HDSP,2024,3,27,21,6,1,15,4,1,1,3,2,d2501
HDSP,2024,4,26,17,9,2,10,5,0,2,6,1,d2501
HDSP,2024,5,37,29,8,0,18,11,0,2,6,0,d2501
HDSP,2024,6,46,30,16,1,15,14,0,2,11,3,d2501
HDSP,2024,7,37,30,7,0,19,11,0,1,3,3,d2501
HDSP,2024,8,44,29,15,1,16,10,2,2,12,1,d2501
HDSP,2024,9,35,26,9,2,15,9,0,3,6,0,d2501
HDSP,2024,10,51,35,16,1,23,10,1,4,10,2,d2501
HDSP,2024,11,43,29,14,1,17,11,0,1,9,4,d2501
HDSP,2024,12,49,42,7,1,20,21,0,0,6,1,d2512
HDSP,2025,1,45,34,11,3,17,13,1,4,7,0,d2512
HDSP,2025,2,42,26,16,1,9,15,1,2,10,4,d2512
HDSP,2025,3,27,19,8,2,10,7,0,2,4,2,d2512
HDSP,2025,4,49,29,20,1,16,12,0,3,10,7,d2512
HDSP,2025,5,28,25,3,2,11,11,1,2,1,0,d2512
HDSP,2025,6,26,13,13,1,5,7,0,2,9,2,d2512
HDSP,2025,7,45,34,11,2,21,10,1,1,6,4,d2512
HDSP,2025,8,27,18,9,1,12,4,1,0,9,0,d2512
HDSP,2025,9,38,30,8,4,16,9,1,1,5,2,d2512
HDSP,2025,10,54,32,22,0,17,15,0,3,16,3,d2512
HDSP,2025,11,33,22,11,0,14,8,0,0,8,3,d2512
HDSP,2025,12,59,39,20,1,22,16,0,4,13,3,d2512
ISP,2021,1,9,8,1,0,5,3,0,0,1,0,d2201
ISP,2021,2,6,4,2,0,2,2,0,1,1,0,d2201
ISP,2021,3,4,3,1,0,2,1,0,0,1,0,d2201
ISP,2021,4,13,10,3,0,6,4,0,0,3,0,d2201
ISP,2021,5,8,7,1,1,2,4,0,0,0,1,d2201
ISP,2021,6,15,14,1,1,3,9,1,1,0,0,d2201
ISP,2021,7,6,5,1,0,4,1,0,1,0,0,d2201
ISP,2021,8,11,10,1,1,6,3,0,0,1,0,d2201
ISP,2021,9,15,12,3,0,9,3,0,1,1,1,d2201
ISP,2021,10,11,10,1,1,3,6,0,0,1,0,d2201
ISP,2021,11,14,13,1,0,11,1,1,0,1,0,d2201
ISP,2021,12,16,15,1,0,10,5,0,0,0,1,d2212
ISP,2022,1,13,12,1,0,6,5,1,0,1,0,d2212
ISP,2022,2,9,8,1,1,2,5,0,0,0,1,d2212
ISP,2022,3,3,3,0,0,2,1,0,0,0,0,d2212
ISP,2022,4,7,7,0,0,3,4,0,0,0,0,d2212
ISP,2022,5,10,9,1,0,2,7,0,0,0,1,d2212
ISP,2022,6,17,13,4,0,6,7,0,0,4,0,d2212
ISP,2022,7,7,7,0,0,3,4,0,0,0,0,d2212
ISP,2022,8,11,9,2,0,6,3,0,0,2,0,d2212
ISP,2022,9,10,9,1,0,5,3,1,0,1,0,d2212
ISP,2022,10,6,3,3,0,1,2,0,1,2,0,d2212
ISP,2022,11,12,11,1,0,5,6,0,0,1,0,d2212
ISP,2022,12,13,12,1,0,3,9,0,0,0,1,d2312
ISP,2023,1,9,9,0,0,3,6,0,0,0,0,d2312
ISP,2023,2,7,7,0,0,5,2,0,0,0,0,d2312
ISP,2023,3,16,14,2,0,9,4,1,0,1,1,d2312
ISP,2023,4,41,38,3,1,27,10,0,0,3,0,d2312
ISP,2023,5,48,43,5,5,20,18,0,2,3,0,d2312
ISP,2023,6,22,21,1,0,10,11,0,1,0,0,d2312
ISP,2023,7,11,10,1,0,4,6,0,0,0,1,d2312
ISP,2023,8,35,33,2,1,19,13,0,1,1,0,d2312
ISP,2023,9,22,18,4,2,12,4,0,0,4,0,d2312
ISP,2023,10,33,31,2,2,17,12,0,0,2,0,d2312
ISP,2023,11,31,28,3,2,9,17,0,0,3,0,d2312
ISP,2023,12,9,8,1,2,3,3,0,0,1,0,d2312
ISP,2024,1,7,3,4,1,2,0,0,1,2,1,d2501
ISP,2024,2,10,9,1,0,6,3,0,0,0,1,d2501
ISP,2024,3,17,17,0,0,12,5,0,0,0,0,d2501
ISP,2024,4,15,15,0,1,8,6,0,0,0,0,d2501
ISP,2024,5,12,12,0,1,10,1,0,0,0,0,d2501
ISP,2024,6,8,6,2,1,3,2,0,0,2,0,d2501
ISP,2024,7,4,4,0,0,2,2,0,0,0,0,d2501
ISP,2024,8,4,4,0,0,4,0,0,0,0,0,d2501
ISP,2024,9,13,13,0,0,10,3,0,0,0,0,d2501
ISP,2024,10,6,6,0,0,4,2,0,0,0,0,d2501
ISP,2024,11,16,16,0,1,8,7,0,0,0,0,d2501
ISP,2024,12,6,5,1,0,5,0,0,0,1,0,d2512
ISP,2025,1,7,5,2,0,2,3,0,0,2,0,d2512
ISP,2025,2,14,12,2,0,10,2,0,0,2,0,d2512
ISP,2025,3,4,4,0,0,2,2,0,0,0,0,d2512
ISP,2025,4,15,15,0,1,11,3,0,0,0,0,d2512
ISP,2025,5,12,9,3,0,8,1,0,2,1,0,d2512
ISP,2025,6,3,3,0,0,3,0,0,0,0,0,d2512
ISP,2025,7,9,9,0,0,6,3,0,0,0,0,d2512
ISP,2025,8,13,13,0,3,8,2,0,0,0,0,d2512
ISP,2025,9,11,10,1,1,7,2,0,0,1,0,d2512
ISP,2025,10,13,11,2,1,9,1,0,0,2,0,d2512
ISP,2025,11,6,6,0,0,5,1,0,0,0,0,d2512
ISP,2025,12,9,8,1,1,5,2,0,1,0,0,d2512
KVSP,2021,1,47,38,9,0,22,16,0,2,5,2,d2201
KVSP,2021,2,45,32,13,1,16,14,1,3,8,2,d2201
KVSP,2021,3,48,38,10,0,13,22,3,1,8,1,d2201
KVSP,2021,4,40,28,12,0,10,18,0,1,8,3,d2201
KVSP,2021,5,42,33,9,0,14,19,0,1,7,1,d2201
KVSP,2021,6,39,27,12,1,14,12,0,1,10,1,d2201
KVSP,2021,7,37,28,9,1,15,12,0,3,6,0,d2201
KVSP,2021,8,39,35,4,0,16,19,0,0,3,1,d2201
KVSP,2021,9,34,26,8,1,13,11,1,3,3,2,d2201
KVSP,2021,10,21,15,6,1,8,6,0,0,6,0,d2201
KVSP,2021,11,36,29,7,2,12,13,2,1,6,0,d2201
KVSP,2021,12,32,23,9,1,9,13,0,1,6,2,d2212
KVSP,2022,1,28,19,9,1,7,11,0,2,7,0,d2212
KVSP,2022,2,38,30,8,1,14,14,1,1,4,3,d2212
KVSP,2022,3,32,32,0,1,15,16,0,0,0,0,d2212
KVSP,2022,4,40,30,10,2,10,18,0,3,6,1,d2212
KVSP,2022,5,36,25,11,3,11,11,0,0,9,2,d2212
KVSP,2022,6,52,44,8,0,21,23,0,4,3,1,d2212
KVSP,2022,7,38,25,13,3,12,10,0,1,10,2,d2212
KVSP,2022,8,37,29,8,5,15,9,0,0,5,3,d2212
KVSP,2022,9,27,19,8,0,9,10,0,2,4,2,d2212
KVSP,2022,10,27,21,6,2,9,10,0,2,3,1,d2212
KVSP,2022,11,28,24,4,2,12,10,0,0,3,1,d2212
KVSP,2022,12,38,29,9,2,12,15,0,3,4,2,d2312
KVSP,2023,1,27,25,2,3,11,11,0,0,1,1,d2312
KVSP,2023,2,21,21,0,0,10,11,0,0,0,0,d2312
KVSP,2023,3,43,38,5,2,20,15,1,0,5,0,d2312
KVSP,2023,4,34,29,5,0,16,12,1,0,5,0,d2312
KVSP,2023,5,34,29,5,1,11,17,0,0,3,2,d2312
KVSP,2023,6,34,26,8,2,13,11,0,1,5,2,d2312
KVSP,2023,7,38,28,10,0,12,16,0,2,7,1,d2312
KVSP,2023,8,57,43,14,2,23,17,1,2,6,6,d2312
KVSP,2023,9,43,33,10,1,17,14,1,1,8,1,d2312
KVSP,2023,10,48,38,10,0,20,18,0,1,9,0,d2312
KVSP,2023,11,63,50,13,0,25,24,1,4,8,1,d2312
KVSP,2023,12,54,41,13,0,19,20,2,3,7,3,d2312
KVSP,2024,1,93,67,26,3,38,25,1,3,21,2,d2501
KVSP,2024,2,54,40,14,2,22,15,1,2,11,1,d2501
KVSP,2024,3,55,37,18,1,17,19,0,0,16,2,d2501
KVSP,2024,4,66,51,15,0,30,19,2,4,10,1,d2501
KVSP,2024,5,74,54,20,1,20,33,0,2,17,1,d2501
KVSP,2024,6,70,47,23,0,21,26,0,1,21,1,d2501
KVSP,2024,7,79,57,22,1,30,26,0,4,14,4,d2501
KVSP,2024,8,78,61,17,5,33,23,0,1,12,4,d2501
KVSP,2024,9,63,47,16,3,29,14,1,1,13,2,d2501
KVSP,2024,10,108,84,24,3,42,38,1,2,22,0,d2501
KVSP,2024,11,52,38,14,2,22,14,0,2,9,3,d2501
KVSP,2024,12,67,53,14,0,32,21,0,1,12,1,d2512
KVSP,2025,1,75,58,17,3,30,25,0,0,14,3,d2512
KVSP,2025,2,75,57,18,5,26,25,1,0,15,3,d2512
KVSP,2025,3,52,41,11,0,23,18,0,2,9,0,d2512
KVSP,2025,4,77,50,27,1,24,24,1,3,19,5,d2512
KVSP,2025,5,70,47,23,0,29,17,1,4,16,3,d2512
KVSP,2025,6,58,36,22,2,20,13,1,5,15,2,d2512
KVSP,2025,7,102,88,14,5,43,39,1,3,7,4,d2512
KVSP,2025,8,85,70,15,1,41,28,0,1,9,5,d2512
KVSP,2025,9,64,47,17,1,26,20,0,1,15,1,d2512
KVSP,2025,10,76,49,27,0,32,17,0,2,17,8,d2512
KVSP,2025,11,47,34,13,1,20,13,0,1,10,2,d2512
KVSP,2025,12,73,60,13,1,35,24,0,0,12,1,d2512
LAC,2021,1,15,11,4,0,3,8,0,0,4,0,d2201
LAC,2021,2,30,21,9,0,8,13,0,1,7,1,d2201
LAC,2021,3,25,14,11,0,6,8,0,2,7,2,d2201
LAC,2021,4,19,14,5,0,5,9,0,0,4,1,d2201
LAC,2021,5,33,25,8,0,12,13,0,0,7,1,d2201
LAC,2021,6,23,15,8,2,6,7,0,2,6,0,d2201
LAC,2021,7,41,26,15,0,6,20,0,1,14,0,d2201
LAC,2021,8,31,20,11,2,7,10,1,2,7,2,d2201
LAC,2021,9,34,25,9,1,11,13,0,2,4,3,d2201
LAC,2021,10,42,28,14,0,15,13,0,2,8,4,d2201
LAC,2021,11,39,26,13,1,15,10,0,2,9,2,d2201
LAC,2021,12,37,19,18,0,8,11,0,1,12,5,d2212
LAC,2022,1,35,15,20,0,5,10,0,3,15,2,d2212
LAC,2022,2,52,28,24,1,7,20,0,3,19,2,d2212
LAC,2022,3,39,20,19,0,5,15,0,3,15,1,d2212
LAC,2022,4,56,35,21,3,11,21,0,4,12,5,d2212
LAC,2022,5,46,25,21,0,8,16,1,2,17,2,d2212
LAC,2022,6,58,43,15,2,14,26,1,1,8,6,d2212
LAC,2022,7,54,37,17,2,13,22,0,2,13,2,d2212
LAC,2022,8,41,31,10,2,7,22,0,3,5,2,d2212
LAC,2022,9,34,27,7,1,8,18,0,1,4,2,d2212
LAC,2022,10,35,27,8,0,8,19,0,1,4,3,d2212
LAC,2022,11,35,21,14,0,10,11,0,2,10,2,d2212
LAC,2022,12,34,18,16,0,9,9,0,2,11,3,d2312
LAC,2023,1,42,22,20,2,8,12,0,3,13,4,d2312
LAC,2023,2,52,27,25,0,9,18,0,2,19,4,d2312
LAC,2023,3,47,34,13,1,15,18,0,3,6,4,d2312
LAC,2023,4,57,28,29,1,9,18,0,5,16,8,d2312
LAC,2023,5,52,30,22,1,12,17,0,1,15,6,d2312
LAC,2023,6,58,40,18,4,15,21,0,1,11,6,d2312
LAC,2023,7,52,27,25,0,12,15,0,1,18,6,d2312
LAC,2023,8,68,37,31,1,12,24,0,3,20,8,d2312
LAC,2023,9,37,22,15,1,8,12,1,1,12,2,d2312
LAC,2023,10,48,30,18,0,10,20,0,3,10,5,d2312
LAC,2023,11,72,47,25,0,22,25,0,0,19,6,d2312
LAC,2023,12,60,41,19,1,18,22,0,3,13,3,d2312
LAC,2024,1,69,52,17,3,26,23,0,3,12,2,d2501
LAC,2024,2,84,68,16,3,33,31,1,3,10,3,d2501
LAC,2024,3,82,60,22,2,26,32,0,4,14,4,d2501
LAC,2024,4,90,67,23,1,27,39,0,2,14,7,d2501
LAC,2024,5,90,75,15,1,34,39,1,3,10,2,d2501
LAC,2024,6,88,54,34,2,27,24,1,1,26,7,d2501
LAC,2024,7,108,77,31,0,46,31,0,8,19,4,d2501
LAC,2024,8,136,87,49,1,37,49,0,6,33,10,d2501
LAC,2024,9,75,49,26,2,25,22,0,4,16,6,d2501
LAC,2024,10,86,46,40,1,19,23,3,7,25,8,d2501
LAC,2024,11,100,69,31,3,25,38,3,5,16,10,d2501
LAC,2024,12,122,85,37,5,33,42,5,4,22,11,d2512
LAC,2025,1,105,72,33,3,32,35,2,5,21,7,d2512
LAC,2025,2,69,46,23,2,21,23,0,4,17,2,d2512
LAC,2025,3,53,27,26,0,12,15,0,4,9,13,d2512
LAC,2025,4,84,57,27,0,21,35,1,3,19,5,d2512
LAC,2025,5,54,31,23,0,18,12,1,2,17,4,d2512
LAC,2025,6,42,25,17,0,11,14,0,0,10,7,d2512
LAC,2025,7,97,71,26,4,22,42,3,3,15,8,d2512
LAC,2025,8,92,66,26,5,28,32,1,2,13,11,d2512
LAC,2025,9,84,61,23,0,27,34,0,2,17,4,d2512
LAC,2025,10,82,70,12,2,32,35,1,0,9,3,d2512
LAC,2025,11,69,46,23,1,27,18,0,0,15,8,d2512
LAC,2025,12,50,27,23,0,12,15,0,2,20,1,d2512
MCSP,2021,1,29,13,16,0,7,6,0,3,10,3,d2201
MCSP,2021,2,24,15,9,1,5,9,0,3,4,2,d2201
MCSP,2021,3,28,14,14,0,6,8,0,4,8,2,d2201
MCSP,2021,4,14,8,6,1,2,5,0,0,5,1,d2201
MCSP,2021,5,26,20,6,0,10,10,0,1,3,2,d2201
MCSP,2021,6,29,19,10,1,8,9,1,2,8,0,d2201
MCSP,2021,7,27,16,11,0,6,9,1,3,8,0,d2201
MCSP,2021,8,20,13,7,0,6,7,0,2,5,0,d2201
MCSP,2021,9,15,9,6,0,2,7,0,0,6,0,d2201
MCSP,2021,10,12,9,3,0,4,5,0,0,3,0,d2201
MCSP,2021,11,17,8,9,0,2,6,0,3,6,0,d2201
MCSP,2021,12,29,21,8,1,8,12,0,0,6,2,d2212
MCSP,2022,1,22,17,5,0,8,9,0,0,4,1,d2212
MCSP,2022,2,18,12,6,0,4,7,1,2,2,2,d2212
MCSP,2022,3,22,11,11,1,4,6,0,1,10,0,d2212
MCSP,2022,4,21,11,10,0,2,9,0,4,4,2,d2212
MCSP,2022,5,28,19,9,3,5,9,2,1,7,1,d2212
MCSP,2022,6,20,13,7,0,7,5,1,0,6,1,d2212
MCSP,2022,7,25,14,11,1,6,7,0,3,7,1,d2212
MCSP,2022,8,28,18,10,1,7,10,0,4,6,0,d2212
MCSP,2022,9,22,14,8,2,5,7,0,0,8,0,d2212
MCSP,2022,10,18,12,6,0,7,5,0,2,3,1,d2212
MCSP,2022,11,23,14,9,1,1,11,1,0,9,0,d2212
MCSP,2022,12,22,13,9,1,5,6,1,2,7,0,d2312
MCSP,2023,1,21,13,8,1,2,9,1,0,6,2,d2312
MCSP,2023,2,30,25,5,3,10,12,0,1,4,0,d2312
MCSP,2023,3,25,13,12,1,6,6,0,2,8,2,d2312
MCSP,2023,4,34,22,12,1,8,11,2,2,7,3,d2312
MCSP,2023,5,27,16,11,1,8,7,0,2,8,1,d2312
MCSP,2023,6,29,20,9,1,10,9,0,4,4,1,d2312
MCSP,2023,7,30,22,8,1,8,12,1,2,5,1,d2312
MCSP,2023,8,43,33,10,2,17,13,1,2,6,2,d2312
MCSP,2023,9,26,15,11,2,1,12,0,1,8,2,d2312
MCSP,2023,10,27,16,11,0,10,6,0,3,4,4,d2312
MCSP,2023,11,28,23,5,1,11,11,0,3,2,0,d2312
MCSP,2023,12,21,17,4,1,8,8,0,0,4,0,d2312
MCSP,2024,1,45,36,9,3,16,17,0,2,4,3,d2501
MCSP,2024,2,38,23,15,0,10,13,0,1,11,3,d2501
MCSP,2024,3,34,25,9,2,13,9,1,1,6,2,d2501
MCSP,2024,4,49,35,14,3,18,12,2,0,11,3,d2501
MCSP,2024,5,58,37,21,2,21,13,1,0,16,5,d2501
MCSP,2024,6,38,20,18,1,10,9,0,3,11,4,d2501
MCSP,2024,7,57,35,22,1,23,10,1,5,15,2,d2501
MCSP,2024,8,71,38,33,0,20,17,1,7,20,6,d2501
MCSP,2024,9,66,32,34,0,21,11,0,11,21,2,d2501
MCSP,2024,10,57,32,25,1,12,18,1,4,17,4,d2501
MCSP,2024,11,55,30,25,1,18,11,0,7,15,3,d2501
MCSP,2024,12,48,33,15,1,17,14,1,0,10,5,d2512
MCSP,2025,1,56,35,21,0,16,19,0,5,13,3,d2512
MCSP,2025,2,41,27,14,1,17,9,0,3,9,2,d2512
MCSP,2025,3,60,35,25,0,18,16,1,5,17,3,d2512
MCSP,2025,4,62,39,23,2,20,17,0,3,14,6,d2512
MCSP,2025,5,74,50,24,5,15,28,2,7,15,2,d2512
MCSP,2025,6,57,30,27,2,15,13,0,1,22,4,d2512
MCSP,2025,7,76,45,31,0,27,18,0,8,22,1,d2512
MCSP,2025,8,78,44,34,1,24,19,0,7,25,2,d2512
MCSP,2025,9,64,37,27,3,15,17,2,3,21,3,d2512
MCSP,2025,10,56,32,24,1,13,16,2,4,19,1,d2512
MCSP,2025,11,69,55,14,1,23,31,0,3,10,1,d2512
MCSP,2025,12,68,44,24,1,14,29,0,4,19,1,d2512
NKSP,2021,1,18,16,2,0,6,10,0,0,2,0,d2201
NKSP,2021,2,24,22,2,0,11,11,0,0,2,0,d2201
NKSP,2021,3,29,21,8,0,11,10,0,0,7,1,d2201
NKSP,2021,4,22,16,6,0,12,4,0,0,4,2,d2201
NKSP,2021,5,33,29,4,0,18,11,0,1,3,0,d2201
NKSP,2021,6,21,20,1,0,10,10,0,0,1,0,d2201
NKSP,2021,7,15,8,7,0,5,3,0,4,2,1,d2201
NKSP,2021,8,17,14,3,0,9,5,0,1,2,0,d2201
NKSP,2021,9,31,25,6,1,9,14,1,3,1,2,d2201
NKSP,2021,10,22,21,1,0,9,12,0,0,1,0,d2201
NKSP,2021,11,22,19,3,0,9,10,0,1,2,0,d2201
NKSP,2021,12,28,23,5,0,15,8,0,1,4,0,d2212
NKSP,2022,1,31,25,6,0,12,13,0,0,5,1,d2212
NKSP,2022,2,25,22,3,0,15,7,0,1,2,0,d2212
NKSP,2022,3,39,33,6,0,14,19,0,0,5,1,d2212
NKSP,2022,4,25,20,5,0,14,6,0,1,4,0,d2212
NKSP,2022,5,48,41,7,0,27,14,0,3,4,0,d2212
NKSP,2022,6,45,36,9,1,24,11,0,0,6,3,d2212
NKSP,2022,7,44,32,12,0,21,11,0,3,8,1,d2212
NKSP,2022,8,56,45,11,0,20,25,0,2,7,2,d2212
NKSP,2022,9,45,41,4,0,27,14,0,0,4,0,d2212
NKSP,2022,10,29,25,4,0,14,11,0,2,2,0,d2212
NKSP,2022,11,36,28,8,1,17,10,0,3,4,1,d2212
NKSP,2022,12,42,29,13,0,12,17,0,2,4,7,d2312
NKSP,2023,1,43,35,8,1,17,17,0,2,6,0,d2312
NKSP,2023,2,32,22,10,0,9,13,0,3,6,1,d2312
NKSP,2023,3,41,33,8,0,21,12,0,1,5,2,d2312
NKSP,2023,4,30,26,4,0,13,13,0,3,1,0,d2312
NKSP,2023,5,45,40,5,1,23,16,0,3,2,0,d2312
NKSP,2023,6,60,51,9,0,20,30,1,4,5,0,d2312
NKSP,2023,7,43,37,6,0,21,16,0,1,4,1,d2312
NKSP,2023,8,45,39,6,0,23,16,0,1,4,1,d2312
NKSP,2023,9,49,43,6,0,22,21,0,4,2,0,d2312
NKSP,2023,10,58,49,9,0,19,29,1,2,7,0,d2312
NKSP,2023,11,51,40,11,1,19,20,0,2,8,1,d2312
NKSP,2023,12,51,39,12,0,22,17,0,3,9,0,d2312
NKSP,2024,1,39,36,3,0,21,15,0,0,1,2,d2501
NKSP,2024,2,52,45,7,0,28,17,0,2,5,0,d2501
NKSP,2024,3,27,22,5,0,12,10,0,1,3,1,d2501
NKSP,2024,4,20,16,4,0,9,7,0,0,3,1,d2501
NKSP,2024,5,34,28,6,0,15,13,0,2,4,0,d2501
NKSP,2024,6,32,26,6,0,16,10,0,4,2,0,d2501
NKSP,2024,7,30,26,4,0,20,6,0,2,1,1,d2501
NKSP,2024,8,38,36,2,0,24,12,0,0,2,0,d2501
NKSP,2024,9,27,22,5,0,12,10,0,0,5,0,d2501
NKSP,2024,10,19,16,3,0,9,7,0,0,3,0,d2501
NKSP,2024,11,35,30,5,0,22,8,0,2,3,0,d2501
NKSP,2024,12,44,35,9,0,16,19,0,3,6,0,d2512
NKSP,2025,1,34,28,6,0,19,9,0,1,5,0,d2512
NKSP,2025,2,30,23,7,0,15,8,0,2,4,1,d2512
NKSP,2025,3,20,17,3,0,9,8,0,0,3,0,d2512
NKSP,2025,4,34,28,6,0,20,8,0,3,3,0,d2512
NKSP,2025,5,37,31,6,0,20,11,0,2,3,1,d2512
NKSP,2025,6,18,15,3,0,8,7,0,2,1,0,d2512
NKSP,2025,7,24,17,7,1,8,8,0,4,3,0,d2512
NKSP,2025,8,33,23,10,1,13,9,0,4,6,0,d2512
NKSP,2025,9,12,10,2,0,3,7,0,0,2,0,d2512
NKSP,2025,10,22,20,2,1,10,9,0,0,2,0,d2512
NKSP,2025,11,35,26,9,2,12,11,1,1,8,0,d2512
NKSP,2025,12,26,18,8,1,11,6,0,2,5,1,d2512
PBSP,2021,1,11,6,5,0,4,2,0,0,5,0,d2201
PBSP,2021,2,10,4,6,0,4,0,0,1,4,1,d2201
PBSP,2021,3,15,12,3,2,8,2,0,1,2,0,d2201
PBSP,2021,4,6,3,3,1,1,1,0,1,1,1,d2201
PBSP,2021,5,16,12,4,1,9,2,0,0,3,1,d2201
PBSP,2021,6,8,5,3,0,3,1,1,0,2,1,d2201
PBSP,2021,7,21,16,5,1,10,5,0,0,5,0,d2201
PBSP,2021,8,4,2,2,0,1,0,1,1,1,0,d2201
PBSP,2021,9,10,6,4,0,5,1,0,0,3,1,d2201
PBSP,2021,10,15,13,2,0,11,2,0,0,1,1,d2201
PBSP,2021,11,14,6,8,0,3,3,0,1,7,0,d2201
PBSP,2021,12,10,10,0,0,5,5,0,0,0,0,d2212
PBSP,2022,1,8,6,2,0,2,4,0,0,1,1,d2212
PBSP,2022,2,8,4,4,0,3,1,0,1,2,1,d2212
PBSP,2022,3,12,6,6,0,5,1,0,0,5,1,d2212
PBSP,2022,4,17,17,0,3,7,5,2,0,0,0,d2212
PBSP,2022,5,6,3,3,0,3,0,0,1,1,1,d2212
PBSP,2022,6,12,9,3,0,5,4,0,0,1,2,d2212
PBSP,2022,7,9,3,6,1,1,1,0,0,5,1,d2212
PBSP,2022,8,8,7,1,0,4,3,0,0,1,0,d2212
PBSP,2022,9,17,7,10,0,5,2,0,3,6,1,d2212
PBSP,2022,10,18,13,5,0,7,5,1,0,4,1,d2212
PBSP,2022,11,18,13,5,0,7,6,0,1,3,1,d2212
PBSP,2022,12,21,17,4,0,7,10,0,1,2,1,d2312
PBSP,2023,1,21,5,16,0,5,0,0,2,8,6,d2312
PBSP,2023,2,11,6,5,0,5,1,0,0,2,3,d2312
PBSP,2023,3,17,9,8,1,3,5,0,1,4,3,d2312
PBSP,2023,4,21,6,15,0,3,3,0,5,8,2,d2312
PBSP,2023,5,19,12,7,2,7,3,0,1,5,1,d2312
PBSP,2023,6,10,7,3,0,4,3,0,0,2,1,d2312
PBSP,2023,7,12,6,6,0,5,1,0,0,4,2,d2312
PBSP,2023,8,19,10,9,0,7,3,0,1,6,2,d2312
PBSP,2023,9,20,14,6,0,9,5,0,1,2,3,d2312
PBSP,2023,10,23,13,10,0,10,3,0,2,7,1,d2312
PBSP,2023,11,19,13,6,1,9,2,1,1,3,2,d2312
PBSP,2023,12,38,20,18,0,17,3,0,11,7,0,d2312
PBSP,2024,1,11,6,5,0,3,3,0,2,2,1,d2501
PBSP,2024,2,15,8,7,1,4,3,0,2,4,1,d2501
PBSP,2024,3,37,21,16,0,14,7,0,4,10,2,d2501
PBSP,2024,4,27,12,15,2,4,6,0,1,12,2,d2501
PBSP,2024,5,27,14,13,0,9,5,0,2,10,1,d2501
PBSP,2024,6,25,17,8,0,7,9,1,0,7,1,d2501
PBSP,2024,7,20,8,12,1,6,1,0,3,7,2,d2501
PBSP,2024,8,30,15,15,2,9,4,0,4,8,3,d2501
PBSP,2024,9,16,9,7,1,5,3,0,2,3,2,d2501
PBSP,2024,10,19,7,12,0,5,2,0,1,8,3,d2501
PBSP,2024,11,24,14,10,1,12,1,0,3,6,1,d2501
PBSP,2024,12,40,24,16,0,14,10,0,2,14,0,d2512
PBSP,2025,1,36,19,17,0,11,8,0,3,12,2,d2512
PBSP,2025,2,37,22,15,0,15,7,0,3,9,3,d2512
PBSP,2025,3,33,6,27,1,2,3,0,9,16,2,d2512
PBSP,2025,4,42,27,15,0,20,7,0,2,9,4,d2512
PBSP,2025,5,39,20,19,0,15,5,0,1,11,7,d2512
PBSP,2025,6,21,7,14,1,3,3,0,5,8,1,d2512
PBSP,2025,7,24,12,12,0,6,6,0,6,5,1,d2512
PBSP,2025,8,38,26,12,2,14,10,0,4,6,2,d2512
PBSP,2025,9,25,17,8,1,11,5,0,1,7,0,d2512
PBSP,2025,10,35,23,12,2,15,6,0,2,8,2,d2512
PBSP,2025,11,27,16,11,1,9,6,0,4,7,0,d2512
PBSP,2025,12,37,24,13,3,12,9,0,0,12,1,d2512
PVSP,2021,1,4,3,1,0,2,1,0,0,1,0,d2201
PVSP,2021,2,6,2,4,0,1,1,0,2,2,0,d2201
PVSP,2021,3,9,8,1,0,3,5,0,0,1,0,d2201
PVSP,2021,4,5,2,3,0,1,1,0,0,2,1,d2201
PVSP,2021,5,10,10,0,0,3,7,0,0,0,0,d2201
PVSP,2021,6,10,10,0,0,5,5,0,0,0,0,d2201
PVSP,2021,7,2,2,0,0,2,0,0,0,0,0,d2201
PVSP,2021,8,5,4,1,0,1,3,0,1,0,0,d2201
PVSP,2021,9,7,6,1,0,3,2,1,0,1,0,d2201
PVSP,2021,10,4,3,1,0,2,1,0,0,1,0,d2201
PVSP,2021,11,5,5,0,0,2,3,0,0,0,0,d2201
PVSP,2021,12,7,5,2,0,2,2,1,0,1,1,d2212
PVSP,2022,1,5,4,1,0,0,4,0,0,1,0,d2212
PVSP,2022,2,6,6,0,0,3,3,0,0,0,0,d2212
PVSP,2022,3,7,6,1,0,5,1,0,0,0,1,d2212
PVSP,2022,4,8,8,0,0,5,3,0,0,0,0,d2212
PVSP,2022,5,19,17,2,0,7,10,0,0,2,0,d2212
PVSP,2022,6,17,17,0,1,6,8,2,0,0,0,d2212
PVSP,2022,7,6,6,0,0,2,4,0,0,0,0,d2212
PVSP,2022,8,14,11,3,0,3,7,1,0,2,1,d2212
PVSP,2022,9,9,9,0,0,6,3,0,0,0,0,d2212
PVSP,2022,10,9,8,1,0,4,4,0,0,1,0,d2212
PVSP,2022,11,11,10,1,0,6,4,0,0,1,0,d2212
PVSP,2022,12,12,9,3,1,4,4,0,0,1,2,d2312
PVSP,2023,1,14,13,1,0,8,4,1,0,1,0,d2312
PVSP,2023,2,13,12,1,0,6,5,1,0,0,1,d2312
PVSP,2023,3,21,20,1,1,11,8,0,0,1,0,d2312
PVSP,2023,4,13,11,2,0,8,2,1,0,2,0,d2312
PVSP,2023,5,12,12,0,0,8,4,0,0,0,0,d2312
PVSP,2023,6,20,16,4,0,7,8,1,1,2,1,d2312
PVSP,2023,7,36,32,4,0,17,14,1,0,2,2,d2312
PVSP,2023,8,16,15,1,0,8,6,1,0,0,1,d2312
PVSP,2023,9,10,7,3,0,3,4,0,0,3,0,d2312
PVSP,2023,10,21,12,9,0,8,4,0,0,8,1,d2312
PVSP,2023,11,11,9,2,1,6,2,0,0,2,0,d2312
PVSP,2023,12,14,13,1,0,8,5,0,0,1,0,d2312
PVSP,2024,1,19,16,3,1,9,6,0,0,3,0,d2501
PVSP,2024,2,12,8,4,0,3,5,0,1,1,2,d2501
PVSP,2024,3,18,16,2,1,9,6,0,0,1,1,d2501
PVSP,2024,4,17,15,2,0,10,5,0,1,1,0,d2501
PVSP,2024,5,16,14,2,0,9,5,0,0,2,0,d2501
PVSP,2024,6,19,18,1,1,11,6,0,0,0,1,d2501
PVSP,2024,7,27,22,5,1,13,8,0,0,2,3,d2501
PVSP,2024,8,36,35,1,2,17,13,3,0,1,0,d2501
PVSP,2024,9,30,24,6,4,14,6,0,2,3,1,d2501
PVSP,2024,10,26,23,3,0,15,8,0,0,2,1,d2501
PVSP,2024,11,7,6,1,0,5,1,0,1,0,0,d2501
PVSP,2024,12,17,15,2,1,10,4,0,0,1,1,d2512
PVSP,2025,1,31,28,3,1,14,12,1,0,2,1,d2512
PVSP,2025,2,19,17,2,0,10,7,0,1,1,0,d2512
PVSP,2025,3,18,18,0,0,14,4,0,0,0,0,d2512
PVSP,2025,4,20,18,2,0,13,5,0,0,1,1,d2512
PVSP,2025,5,25,21,4,1,13,6,1,0,4,0,d2512
PVSP,2025,6,22,17,5,0,10,6,1,0,5,0,d2512
PVSP,2025,7,24,21,3,0,12,8,1,0,3,0,d2512
PVSP,2025,8,20,20,0,3,14,3,0,0,0,0,d2512
PVSP,2025,9,19,16,3,0,7,9,0,0,2,1,d2512
PVSP,2025,10,34,31,3,0,17,14,0,0,1,2,d2512
PVSP,2025,11,21,19,2,1,14,4,0,1,0,1,d2512
PVSP,2025,12,16,15,1,0,10,5,0,0,1,0,d2512
RJD,2021,1,25,11,14,1,4,6,0,3,8,3,d2201
RJD,2021,2,18,8,10,1,0,7,0,4,4,2,d2201
RJD,2021,3,26,19,7,3,9,7,0,1,5,1,d2201
RJD,2021,4,17,15,2,1,7,7,0,0,2,0,d2201
RJD,2021,5,22,16,6,0,6,10,0,1,2,3,d2201
RJD,2021,6,11,6,5,0,2,4,0,1,2,2,d2201
RJD,2021,7,25,18,7,1,10,7,0,1,4,2,d2201
RJD,2021,8,20,16,4,1,6,9,0,0,3,1,d2201
RJD,2021,9,16,13,3,1,5,7,0,1,1,1,d2201
RJD,2021,10,42,21,21,3,6,12,0,3,13,5,d2201
RJD,2021,11,26,11,15,0,5,6,0,4,7,4,d2201
RJD,2021,12,31,20,11,2,9,9,0,4,5,2,d2212
RJD,2022,1,18,11,7,1,2,8,0,1,4,2,d2212
RJD,2022,2,31,20,11,1,4,14,1,2,7,2,d2212
RJD,2022,3,31,20,11,2,6,12,0,2,6,3,d2212
RJD,2022,4,23,12,11,1,3,8,0,2,5,4,d2212
RJD,2022,5,32,23,9,0,6,16,1,2,5,2,d2212
RJD,2022,6,44,29,15,2,9,18,0,2,9,4,d2212
RJD,2022,7,27,20,7,1,7,12,0,1,4,2,d2212
RJD,2022,8,46,30,16,2,13,14,1,3,10,3,d2212
RJD,2022,9,29,20,9,0,10,10,0,1,5,3,d2212
RJD,2022,10,43,26,17,0,4,22,0,1,11,5,d2212
RJD,2022,11,29,18,11,1,10,7,0,1,8,2,d2212
RJD,2022,12,30,19,11,0,5,13,1,1,8,2,d2312
RJD,2023,1,34,17,17,3,7,7,0,3,13,1,d2312
RJD,2023,2,23,13,10,0,7,6,0,1,7,2,d2312
RJD,2023,3,42,20,22,2,5,13,0,5,14,3,d2312
RJD,2023,4,34,20,14,0,7,13,0,4,7,3,d2312
RJD,2023,5,28,12,16,0,4,8,0,3,11,2,d2312
RJD,2023,6,33,15,18,1,6,8,0,4,11,3,d2312
RJD,2023,7,45,28,17,3,10,15,0,2,12,3,d2312
RJD,2023,8,64,32,32,4,12,16,0,3,26,3,d2312
RJD,2023,9,57,24,33,1,8,13,2,6,20,7,d2312
RJD,2023,10,48,16,32,1,3,12,0,5,24,3,d2312
RJD,2023,11,42,18,24,1,4,13,0,3,18,3,d2312
RJD,2023,12,40,24,16,1,10,13,0,3,8,5,d2312
RJD,2024,1,55,33,22,4,11,18,0,5,13,4,d2501
RJD,2024,2,54,29,25,4,8,17,0,4,19,2,d2501
RJD,2024,3,44,29,15,1,8,20,0,2,12,1,d2501
RJD,2024,4,45,28,17,2,10,16,0,3,12,2,d2501
RJD,2024,5,54,34,20,2,15,17,0,2,12,6,d2501
RJD,2024,6,59,31,28,1,12,18,0,4,23,1,d2501
RJD,2024,7,50,38,12,2,17,19,0,1,9,2,d2501
RJD,2024,8,41,21,20,1,9,11,0,4,14,2,d2501
RJD,2024,9,22,8,14,0,2,6,0,2,9,3,d2501
RJD,2024,10,23,7,16,0,2,5,0,0,12,4,d2501
RJD,2024,11,39,18,21,4,6,8,0,6,10,5,d2501
RJD,2024,12,40,16,24,0,5,11,0,7,15,2,d2512
RJD,2025,1,43,23,20,4,6,13,0,1,18,1,d2512
RJD,2025,2,50,26,24,1,11,14,0,1,18,5,d2512
RJD,2025,3,24,11,13,0,3,8,0,2,10,1,d2512
RJD,2025,4,44,27,17,0,10,17,0,1,13,3,d2512
RJD,2025,5,38,19,19,0,6,12,1,5,9,5,d2512
RJD,2025,6,36,23,13,1,10,12,0,5,8,0,d2512
RJD,2025,7,50,34,16,2,11,21,0,0,12,4,d2512
RJD,2025,8,30,16,14,1,7,8,0,2,10,2,d2512
RJD,2025,9,42,30,12,4,12,14,0,1,11,0,d2512
RJD,2025,10,47,28,19,1,12,14,1,9,9,1,d2512
RJD,2025,11,26,21,5,1,10,10,0,1,3,1,d2512
RJD,2025,12,39,22,17,1,10,11,0,2,10,5,d2512
SAC,2021,1,40,8,32,1,4,3,0,5,26,1,d2201
SAC,2021,2,64,31,33,1,13,17,0,3,23,7,d2201
SAC,2021,3,43,20,23,0,14,6,0,4,17,2,d2201
SAC,2021,4,51,19,32,1,8,10,0,3,24,5,d2201
SAC,2021,5,66,23,43,0,12,10,1,3,33,7,d2201
SAC,2021,6,50,15,35,0,6,9,0,2,31,2,d2201
SAC,2021,7,43,19,24,0,12,6,1,1,17,6,d2201
SAC,2021,8,57,16,41,0,10,6,0,2,33,6,d2201
SAC,2021,9,49,19,30,1,10,8,0,2,23,5,d2201
SAC,2021,10,60,24,36,0,16,8,0,0,34,2,d2201
SAC,2021,11,79,28,51,3,12,13,0,3,44,4,d2201
SAC,2021,12,42,16,26,0,6,9,1,1,20,5,d2212
SAC,2022,1,46,11,35,1,2,8,0,3,25,7,d2212
SAC,2022,2,31,7,24,0,4,3,0,5,15,4,d2212
SAC,2022,3,52,17,35,1,10,6,0,8,24,3,d2212
SAC,2022,4,49,18,31,0,9,9,0,4,25,2,d2212
SAC,2022,5,68,31,37,0,17,14,0,4,29,4,d2212
SAC,2022,6,68,28,40,1,14,13,0,4,32,4,d2212
SAC,2022,7,59,20,39,1,11,7,1,5,31,3,d2212
SAC,2022,8,85,40,45,1,23,16,0,2,40,3,d2212
SAC,2022,9,71,30,41,2,14,14,0,1,35,5,d2212
SAC,2022,10,46,18,28,1,8,9,0,4,21,3,d2212
SAC,2022,11,62,35,27,0,16,19,0,1,23,3,d2212
SAC,2022,12,49,11,38,1,4,6,0,4,31,3,d2312
SAC,2023,1,58,26,32,0,14,11,1,4,26,2,d2312
SAC,2023,2,52,21,31,0,12,9,0,2,29,0,d2312
SAC,2023,3,73,16,57,2,8,6,0,10,42,5,d2312
SAC,2023,4,77,21,56,1,10,10,0,8,44,4,d2312
SAC,2023,5,75,20,55,1,9,10,0,4,48,3,d2312
SAC,2023,6,62,20,42,1,7,11,1,4,36,2,d2312
SAC,2023,7,75,18,57,0,13,4,1,5,45,7,d2312
SAC,2023,8,58,18,40,0,8,9,1,3,31,6,d2312
SAC,2023,9,53,7,46,0,4,3,0,4,37,5,d2312
SAC,2023,10,79,17,62,0,11,6,0,2,50,10,d2312
SAC,2023,11,93,27,66,1,10,16,0,5,59,2,d2312
SAC,2023,12,77,35,42,1,20,14,0,4,33,5,d2312
SAC,2024,1,81,30,51,0,17,13,0,4,37,10,d2501
SAC,2024,2,82,26,56,0,14,12,0,6,44,6,d2501
SAC,2024,3,77,30,47,1,16,13,0,2,41,4,d2501
SAC,2024,4,81,42,39,1,27,14,0,4,32,3,d2501
SAC,2024,5,74,34,40,2,18,14,0,2,36,2,d2501
SAC,2024,6,83,33,50,2,18,13,0,2,42,6,d2501
SAC,2024,7,83,36,47,4,21,11,0,3,41,3,d2501
SAC,2024,8,91,43,48,1,21,21,0,8,36,4,d2501
SAC,2024,9,89,42,47,1,22,19,0,2,39,6,d2501
SAC,2024,10,94,32,62,1,22,9,0,2,54,6,d2501
SAC,2024,11,75,42,33,0,25,17,0,2,27,4,d2501
SAC,2024,12,78,37,41,2,20,15,0,6,32,3,d2512
SAC,2025,1,78,35,43,3,24,8,0,6,34,3,d2512
SAC,2025,2,73,46,27,2,24,19,1,3,24,0,d2512
SAC,2025,3,50,12,38,1,5,5,1,3,31,4,d2512
SAC,2025,4,90,29,61,1,16,11,1,4,50,7,d2512
SAC,2025,5,98,50,48,2,26,22,0,8,35,5,d2512
SAC,2025,6,77,25,52,1,10,14,0,5,40,7,d2512
SAC,2025,7,95,47,48,2,23,22,0,3,40,5,d2512
SAC,2025,8,86,30,56,4,13,13,0,7,47,2,d2512
SAC,2025,9,111,54,57,4,33,17,0,2,48,7,d2512
SAC,2025,10,110,51,59,1,28,21,1,4,48,7,d2512
SAC,2025,11,72,30,42,2,11,16,1,0,39,3,d2512
SAC,2025,12,89,41,48,2,23,15,1,0,43,5,d2512
SATF,2021,1,17,11,6,1,2,8,0,2,4,0,d2201
SATF,2021,2,27,19,8,0,10,9,0,0,5,3,d2201
SATF,2021,3,19,14,5,0,5,9,0,0,3,2,d2201
SATF,2021,4,21,16,5,0,7,9,0,2,2,1,d2201
SATF,2021,5,23,19,4,1,9,8,1,1,3,0,d2201
SATF,2021,6,29,20,9,0,10,10,0,0,9,0,d2201
SATF,2021,7,21,18,3,1,9,8,0,0,3,0,d2201
SATF,2021,8,30,23,7,3,6,13,1,1,4,2,d2201
SATF,2021,9,28,18,10,1,9,8,0,3,7,0,d2201
SATF,2021,10,23,13,10,0,1,12,0,0,9,1,d2201
SATF,2021,11,31,25,6,2,5,17,1,0,4,2,d2201
SATF,2021,12,28,18,10,2,6,10,0,0,6,4,d2212
SATF,2022,1,20,16,4,2,3,10,1,1,2,1,d2212
SATF,2022,2,19,11,8,0,8,3,0,1,5,2,d2212
SATF,2022,3,33,26,7,1,11,14,0,1,5,1,d2212
SATF,2022,4,20,15,5,2,7,6,0,2,2,1,d2212
SATF,2022,5,28,18,10,0,9,9,0,3,3,4,d2212
SATF,2022,6,18,15,3,0,7,7,1,1,2,0,d2212
SATF,2022,7,25,19,6,1,9,9,0,1,3,2,d2212
SATF,2022,8,32,23,9,1,12,10,0,3,2,4,d2212
SATF,2022,9,28,20,8,2,8,10,0,0,6,2,d2212
SATF,2022,10,29,21,8,2,10,9,0,4,3,1,d2212
SATF,2022,11,28,27,1,2,12,12,1,0,0,1,d2212
SATF,2022,12,35,27,8,1,13,12,1,3,4,1,d2312
SATF,2023,1,36,22,14,0,10,11,1,1,10,3,d2312
SATF,2023,2,15,10,5,0,6,4,0,2,3,0,d2312
SATF,2023,3,39,32,7,0,19,13,0,2,4,1,d2312
SATF,2023,4,32,20,12,1,13,6,0,3,7,2,d2312
SATF,2023,5,48,30,18,3,14,13,0,3,12,3,d2312
SATF,2023,6,37,25,12,1,12,12,0,3,8,1,d2312
SATF,2023,7,52,41,11,2,16,23,0,2,9,0,d2312
SATF,2023,8,56,45,11,5,18,20,2,1,8,2,d2312
SATF,2023,9,48,40,8,0,23,16,1,2,6,0,d2312
SATF,2023,10,34,28,6,3,12,12,1,0,6,0,d2312
SATF,2023,11,35,27,8,2,17,7,1,2,4,2,d2312
SATF,2023,12,42,29,13,0,13,16,0,2,10,1,d2312
SATF,2024,1,29,22,7,0,11,11,0,1,4,2,d2501
SATF,2024,2,22,16,6,0,8,8,0,0,6,0,d2501
SATF,2024,3,40,27,13,5,7,14,1,2,8,3,d2501
SATF,2024,4,37,23,14,0,14,9,0,2,12,0,d2501
SATF,2024,5,42,28,14,3,11,13,1,0,13,1,d2501
SATF,2024,6,56,44,12,1,19,24,0,3,7,2,d2501
SATF,2024,7,82,62,20,3,33,26,0,2,16,2,d2501
SATF,2024,8,50,35,15,1,14,20,0,2,13,0,d2501
SATF,2024,9,50,37,13,1,17,19,0,2,11,0,d2501
SATF,2024,10,53,34,19,1,15,18,0,4,13,2,d2501
SATF,2024,11,44,29,15,0,14,15,0,1,10,4,d2501
SATF,2024,12,49,31,18,1,14,16,0,1,12,5,d2512
SATF,2025,1,58,28,30,3,8,17,0,8,19,3,d2512
SATF,2025,2,38,23,15,0,10,13,0,3,9,3,d2512
SATF,2025,3,45,25,20,1,11,13,0,6,7,7,d2512
SATF,2025,4,65,45,20,4,17,22,2,3,16,1,d2512
SATF,2025,5,52,27,25,0,13,14,0,10,14,1,d2512
SATF,2025,6,63,44,19,3,20,21,0,1,13,5,d2512
SATF,2025,7,56,37,19,0,16,21,0,1,17,1,d2512
SATF,2025,8,79,39,40,3,15,19,2,3,27,10,d2512
SATF,2025,9,53,35,18,1,16,18,0,3,12,3,d2512
SATF,2025,10,59,49,10,2,21,25,1,0,8,2,d2512
SATF,2025,11,54,40,14,3,18,19,0,1,9,4,d2512
SATF,2025,12,41,25,16,1,13,11,0,1,14,1,d2512
SCC,2021,1,6,4,2,0,2,1,1,1,0,1,d2201
SCC,2021,2,18,17,1,0,11,3,3,0,1,0,d2201
SCC,2021,3,5,4,1,0,3,1,0,0,0,1,d2201
SCC,2021,4,9,7,2,0,5,0,2,0,2,0,d2201
SCC,2021,5,25,25,0,1,16,4,4,0,0,0,d2201
SCC,2021,6,28,24,4,0,13,6,5,0,2,2,d2201
SCC,2021,7,24,23,1,0,13,4,6,0,0,1,d2201
SCC,2021,8,17,15,2,0,7,4,4,0,1,1,d2201
SCC,2021,9,33,29,4,1,14,5,9,0,2,2,d2201
SCC,2021,10,22,19,3,0,11,2,6,1,0,2,d2201
SCC,2021,11,27,27,0,0,18,5,4,0,0,0,d2201
SCC,2021,12,16,15,1,1,5,2,7,0,1,0,d2212
SCC,2022,1,16,16,0,1,8,5,2,0,0,0,d2212
SCC,2022,2,15,13,2,0,8,1,4,0,1,1,d2212
SCC,2022,3,31,28,3,0,11,7,10,1,1,1,d2212
SCC,2022,4,14,13,1,1,7,4,1,0,1,0,d2212
SCC,2022,5,21,19,2,0,12,6,1,0,1,1,d2212
SCC,2022,6,8,8,0,1,6,1,0,0,0,0,d2212
SCC,2022,7,8,7,1,0,7,0,0,0,0,1,d2212
SCC,2022,8,14,14,0,0,12,0,2,0,0,0,d2212
SCC,2022,9,21,20,1,0,14,5,1,0,1,0,d2212
SCC,2022,10,9,8,1,0,6,2,0,0,1,0,d2212
SCC,2022,11,5,3,2,0,2,1,0,0,2,0,d2212
SCC,2022,12,28,28,0,1,22,2,3,0,0,0,d2312
SCC,2023,1,31,30,1,1,19,7,3,0,1,0,d2312
SCC,2023,2,26,23,3,0,13,9,1,0,1,2,d2312
SCC,2023,3,22,20,2,0,14,4,2,0,1,1,d2312
SCC,2023,4,18,17,1,1,12,3,1,0,0,1,d2312
SCC,2023,5,20,16,4,1,11,4,0,1,1,2,d2312
SCC,2023,6,17,17,0,0,15,1,1,0,0,0,d2312
SCC,2023,7,14,13,1,0,10,3,0,1,0,0,d2312
SCC,2023,8,19,18,1,1,11,5,1,0,1,0,d2312
SCC,2023,9,25,18,7,0,12,5,1,0,7,0,d2312
SCC,2023,10,18,14,4,0,11,3,0,1,2,1,d2312
SCC,2023,11,22,16,6,1,8,6,1,0,5,1,d2312
SCC,2023,12,24,20,4,1,11,7,1,1,3,0,d2312
SCC,2024,1,14,11,3,0,6,5,0,0,3,0,d2501
SCC,2024,2,18,16,2,0,12,4,0,0,2,0,d2501
SCC,2024,3,18,14,4,0,10,4,0,0,2,2,d2501
SCC,2024,4,17,12,5,0,8,4,0,1,4,0,d2501
SCC,2024,5,29,25,4,2,15,7,1,2,2,0,d2501
SCC,2024,6,30,27,3,1,15,9,2,1,2,0,d2501
SCC,2024,7,21,12,9,1,8,2,1,0,9,0,d2501
SCC,2024,8,33,26,7,0,17,7,2,3,4,0,d2501
SCC,2024,9,19,17,2,1,12,3,1,0,1,1,d2501
SCC,2024,10,26,23,3,2,14,6,1,0,3,0,d2501
SCC,2024,11,12,9,3,0,7,2,0,1,2,0,d2501
SCC,2024,12,25,20,5,1,13,5,1,2,3,0,d2512
SCC,2025,1,28,25,3,1,16,7,1,0,3,0,d2512
SCC,2025,2,37,24,13,0,15,8,1,2,8,3,d2512
SCC,2025,3,39,34,5,1,22,9,2,0,4,1,d2512
SCC,2025,4,19,19,0,1,14,4,0,0,0,0,d2512
SCC,2025,5,26,22,4,0,16,6,0,0,3,1,d2512
SCC,2025,6,21,15,6,1,13,1,0,1,4,1,d2512
SCC,2025,7,23,17,6,0,11,5,1,2,2,2,d2512
SCC,2025,8,30,28,2,2,18,8,0,0,2,0,d2512
SCC,2025,9,17,14,3,1,10,3,0,0,3,0,d2512
SCC,2025,10,34,24,10,0,17,6,1,3,7,0,d2512
SCC,2025,11,26,24,2,1,14,9,0,0,2,0,d2512
SCC,2025,12,29,24,5,0,21,2,1,0,5,0,d2512
SOL,2021,1,10,9,1,0,4,4,1,0,1,0,d2201
SOL,2021,2,5,2,3,0,1,1,0,0,3,0,d2201
SOL,2021,3,6,5,1,0,3,2,0,1,0,0,d2201
SOL,2021,4,5,3,2,0,1,2,0,1,1,0,d2201
SOL,2021,5,9,9,0,0,6,3,0,0,0,0,d2201
SOL,2021,6,9,8,1,0,5,3,0,0,0,1,d2201
SOL,2021,7,12,10,2,2,4,4,0,0,2,0,d2201
SOL,2021,8,8,6,2,0,3,3,0,0,2,0,d2201
SOL,2021,9,5,4,1,0,3,1,0,0,1,0,d2201
SOL,2021,10,7,6,1,0,2,4,0,0,1,0,d2201
SOL,2021,11,16,11,5,0,7,4,0,0,3,2,d2201
SOL,2021,12,7,7,0,0,3,4,0,0,0,0,d2212
SOL,2022,1,7,5,2,0,2,3,0,0,1,1,d2212
SOL,2022,2,9,9,0,0,7,2,0,0,0,0,d2212
SOL,2022,3,9,8,1,0,4,4,0,0,1,0,d2212
SOL,2022,4,3,3,0,0,2,1,0,0,0,0,d2212
SOL,2022,5,11,10,1,2,2,4,2,0,0,1,d2212
SOL,2022,6,13,10,3,2,5,3,0,2,1,0,d2212
SOL,2022,7,14,12,2,0,4,8,0,0,2,0,d2212
SOL,2022,8,7,6,1,0,5,1,0,0,1,0,d2212
SOL,2022,9,7,7,0,0,5,2,0,0,0,0,d2212
SOL,2022,10,2,2,0,0,2,0,0,0,0,0,d2212
SOL,2022,11,11,8,3,1,4,3,0,1,2,0,d2212
SOL,2022,12,5,4,1,1,1,2,0,0,1,0,d2312
SOL,2023,1,20,20,0,0,12,8,0,0,0,0,d2312
SOL,2023,2,6,5,1,0,5,0,0,0,1,0,d2312
SOL,2023,3,12,9,3,0,5,4,0,0,3,0,d2312
SOL,2023,4,6,5,1,0,2,3,0,0,0,1,d2312
SOL,2023,5,12,7,5,0,5,2,0,0,5,0,d2312
SOL,2023,6,17,16,1,0,7,9,0,0,1,0,d2312
SOL,2023,7,20,13,7,0,7,5,1,0,5,2,d2312
SOL,2023,8,17,15,2,0,8,7,0,0,2,0,d2312
SOL,2023,9,15,9,6,0,8,1,0,1,4,1,d2312
SOL,2023,10,16,14,2,0,12,2,0,0,2,0,d2312
SOL,2023,11,21,18,3,1,15,2,0,0,3,0,d2312
SOL,2023,12,22,16,6,0,12,4,0,0,6,0,d2312
SOL,2024,1,22,18,4,0,15,3,0,1,3,0,d2501
SOL,2024,2,19,18,1,0,14,4,0,1,0,0,d2501
SOL,2024,3,47,42,5,0,33,8,1,2,3,0,d2501
SOL,2024,4,18,16,2,0,11,5,0,0,2,0,d2501
SOL,2024,5,31,29,2,0,18,11,0,0,2,0,d2501
SOL,2024,6,25,22,3,0,12,10,0,1,1,1,d2501
SOL,2024,7,30,25,5,1,15,9,0,1,4,0,d2501
SOL,2024,8,33,29,4,0,23,5,1,1,3,0,d2501
SOL,2024,9,21,17,4,0,13,4,0,1,3,0,d2501
SOL,2024,10,24,22,2,0,18,4,0,0,2,0,d2501
SOL,2024,11,22,20,2,0,19,1,0,0,2,0,d2501
SOL,2024,12,22,18,4,0,12,6,0,0,4,0,d2512
SOL,2025,1,14,11,3,0,7,4,0,0,3,0,d2512
SOL,2025,2,20,17,3,0,12,5,0,1,1,1,d2512
SOL,2025,3,32,29,3,1,20,7,1,0,3,0,d2512
SOL,2025,4,15,13,2,0,7,6,0,0,2,0,d2512
SOL,2025,5,26,23,3,0,14,9,0,1,2,0,d2512
SOL,2025,6,21,19,2,0,15,4,0,0,2,0,d2512
SOL,2025,7,18,16,2,0,11,4,1,0,1,1,d2512
SOL,2025,8,11,11,0,0,5,6,0,0,0,0,d2512
SOL,2025,9,9,6,3,0,4,2,0,0,1,2,d2512
SOL,2025,10,7,6,1,0,2,4,0,1,0,0,d2512
SOL,2025,11,17,10,7,0,5,5,0,0,6,1,d2512
SOL,2025,12,14,12,2,0,8,4,0,0,2,0,d2512
SQ,2021,1,7,4,3,0,1,3,0,0,1,2,d2201
SQ,2021,2,6,0,6,0,0,0,0,1,2,3,d2201
SQ,2021,3,4,0,4,0,0,0,0,1,1,2,d2201
SQ,2021,4,6,0,6,0,0,0,0,1,0,5,d2201
SQ,2021,5,2,2,0,0,1,1,0,0,0,0,d2201
SQ,2021,6,5,2,3,0,1,1,0,0,2,1,d2201
SQ,2021,7,5,3,2,0,1,2,0,1,0,1,d2201
SQ,2021,8,0,0,0,0,0,0,0,0,0,0,d2201
SQ,2021,9,7,2,5,0,1,0,1,0,2,3,d2201
SQ,2021,10,11,10,1,2,5,3,0,0,1,0,d2201
SQ,2021,11,10,8,2,1,4,3,0,0,1,1,d2201
SQ,2021,12,8,6,2,0,3,3,0,0,1,1,d2212
SQ,2022,1,6,2,4,0,0,2,0,0,2,2,d2212
SQ,2022,2,7,6,1,0,2,3,1,0,0,1,d2212
SQ,2022,3,8,4,4,0,2,2,0,0,2,2,d2212
SQ,2022,4,11,10,1,0,6,4,0,0,0,1,d2212
SQ,2022,5,8,8,0,0,3,5,0,0,0,0,d2212
SQ,2022,6,6,3,3,0,2,1,0,0,1,2,d2212
SQ,2022,7,8,5,3,0,2,3,0,0,3,0,d2212
SQ,2022,8,11,7,4,1,2,4,0,1,2,1,d2212
SQ,2022,9,7,3,4,0,2,1,0,1,2,1,d2212
SQ,2022,10,4,3,1,0,1,2,0,0,1,0,d2212
SQ,2022,11,9,5,4,0,1,3,1,1,2,1,d2212
SQ,2022,12,4,3,1,1,0,2,0,0,1,0,d2312
SQ,2023,1,11,7,4,1,4,2,0,1,1,2,d2312
SQ,2023,2,6,3,3,0,1,2,0,1,1,1,d2312
SQ,2023,3,15,12,3,0,6,6,0,0,3,0,d2312
SQ,2023,4,8,4,4,1,2,1,0,0,3,1,d2312
SQ,2023,5,7,1,6,0,0,1,0,1,4,1,d2312
SQ,2023,6,14,5,9,0,2,3,0,3,4,2,d2312
SQ,2023,7,11,5,6,0,3,2,0,1,3,2,d2312
SQ,2023,8,7,4,3,0,1,3,0,0,3,0,d2312
SQ,2023,9,13,4,9,0,2,2,0,1,1,7,d2312
SQ,2023,10,6,3,3,0,2,1,0,1,2,0,d2312
SQ,2023,11,10,3,7,0,1,2,0,0,5,2,d2312
SQ,2023,12,7,4,3,0,2,2,0,0,2,1,d2312
SQ,2024,1,12,7,5,1,3,3,0,1,3,1,d2501
SQ,2024,2,9,8,1,0,4,4,0,0,1,0,d2501
SQ,2024,3,11,9,2,1,5,3,0,1,0,1,d2501
SQ,2024,4,18,16,2,1,10,5,0,1,0,1,d2501
SQ,2024,5,18,15,3,0,9,6,0,1,1,1,d2501
SQ,2024,6,9,5,4,0,3,1,1,1,2,1,d2501
SQ,2024,7,13,12,1,1,6,5,0,0,0,1,d2501
SQ,2024,8,12,5,7,0,1,4,0,2,5,0,d2501
SQ,2024,9,14,11,3,2,5,4,0,1,2,0,d2501
SQ,2024,10,7,5,2,0,2,3,0,2,0,0,d2501
SQ,2024,11,11,8,3,1,1,6,0,2,1,0,d2501
SQ,2024,12,6,1,5,0,0,1,0,1,3,1,d2512
SQ,2025,1,8,4,4,0,3,1,0,1,2,1,d2512
SQ,2025,2,8,3,5,0,1,2,0,1,3,1,d2512
SQ,2025,3,9,8,1,1,4,3,0,0,1,0,d2512
SQ,2025,4,6,4,2,0,2,2,0,1,1,0,d2512
SQ,2025,5,10,8,2,1,3,4,0,0,2,0,d2512
SQ,2025,6,6,2,4,0,1,1,0,1,3,0,d2512
SQ,2025,7,6,4,2,0,0,4,0,1,0,1,d2512
SQ,2025,8,5,0,5,0,0,0,0,2,3,0,d2512
SQ,2025,9,12,4,8,1,1,2,0,1,3,4,d2512
SQ,2025,10,8,5,3,0,3,2,0,0,3,0,d2512
SQ,2025,11,7,3,4,0,1,2,0,1,2,1,d2512
SQ,2025,12,6,2,4,0,0,2,0,1,3,0,d2512
SVSP,2021,1,49,21,28,0,8,13,0,2,22,4,d2201
SVSP,2021,2,60,43,17,0,16,25,2,2,12,3,d2201
SVSP,2021,3,72,48,24,0,14,34,0,5,14,5,d2201
SVSP,2021,4,80,49,31,0,19,28,2,6,16,9,d2201
SVSP,2021,5,65,44,21,0,13,30,1,9,8,4,d2201
SVSP,2021,6,59,47,12,0,18,28,1,2,8,2,d2201
SVSP,2021,7,63,43,20,0,14,27,2,2,13,5,d2201
SVSP,2021,8,79,48,31,1,19,28,0,4,22,5,d2201
SVSP,2021,9,50,20,30,0,5,14,1,10,17,3,d2201
SVSP,2021,10,81,57,24,2,17,36,2,5,19,0,d2201
SVSP,2021,11,51,34,17,0,16,16,2,4,11,2,d2201
SVSP,2021,12,56,31,25,0,12,19,0,10,13,2,d2212
SVSP,2022,1,43,30,13,0,10,20,0,2,10,1,d2212
SVSP,2022,2,59,35,24,0,12,23,0,6,16,2,d2212
SVSP,2022,3,52,36,16,1,11,24,0,3,12,1,d2212
SVSP,2022,4,52,29,23,0,8,21,0,1,17,5,d2212
SVSP,2022,5,70,47,23,0,18,27,2,5,14,4,d2212
SVSP,2022,6,51,29,22,1,11,16,1,5,16,1,d2212
SVSP,2022,7,56,28,28,0,8,19,1,2,21,5,d2212
SVSP,2022,8,89,66,23,1,25,37,3,2,19,2,d2212
SVSP,2022,9,52,32,20,1,11,20,0,1,15,4,d2212
SVSP,2022,10,46,29,17,1,12,15,1,3,14,0,d2212
SVSP,2022,11,78,49,29,1,15,32,1,3,24,2,d2212
SVSP,2022,12,52,25,27,0,10,15,0,4,17,6,d2312
SVSP,2023,1,59,46,13,1,20,25,0,2,10,1,d2312
SVSP,2023,2,48,37,11,0,11,26,0,1,9,1,d2312
SVSP,2023,3,76,53,23,2,24,24,3,5,15,3,d2312
SVSP,2023,4,70,39,31,0,17,20,2,4,21,6,d2312
SVSP,2023,5,63,44,19,1,14,28,1,2,15,2,d2312
SVSP,2023,6,66,37,29,1,13,22,1,7,17,5,d2312
SVSP,2023,7,83,64,19,2,24,37,1,5,9,5,d2312
SVSP,2023,8,76,57,19,2,25,28,2,3,15,1,d2312
SVSP,2023,9,75,48,27,1,21,25,1,0,21,6,d2312
SVSP,2023,10,78,46,32,0,16,29,1,2,29,1,d2312
SVSP,2023,11,64,44,20,2,20,22,0,0,17,3,d2312
SVSP,2023,12,81,51,30,1,21,29,0,2,25,3,d2312
SVSP,2024,1,80,56,24,3,24,29,0,6,15,3,d2501
SVSP,2024,2,86,50,36,1,24,25,0,4,25,7,d2501
SVSP,2024,3,76,52,24,1,17,33,1,5,17,2,d2501
SVSP,2024,4,84,70,14,3,26,41,0,3,8,3,d2501
SVSP,2024,5,83,54,29,4,25,25,0,3,21,5,d2501
SVSP,2024,6,73,41,32,0,17,23,1,7,24,1,d2501
SVSP,2024,7,108,77,31,0,36,41,0,7,21,3,d2501
SVSP,2024,8,112,75,37,2,31,42,0,4,28,5,d2501
SVSP,2024,9,102,60,42,4,24,31,1,6,31,5,d2501
SVSP,2024,10,113,68,45,1,33,34,0,8,34,3,d2501
SVSP,2024,11,92,57,35,2,25,29,1,5,26,4,d2501
SVSP,2024,12,131,84,47,6,33,45,0,7,32,8,d2512
SVSP,2025,1,88,50,38,0,18,32,0,7,24,7,d2512
SVSP,2025,2,119,87,32,2,45,40,0,7,24,1,d2512
SVSP,2025,3,71,38,33,0,19,19,0,6,24,3,d2512
SVSP,2025,4,96,69,27,3,36,29,1,3,19,5,d2512
SVSP,2025,5,112,68,44,0,31,37,0,8,33,3,d2512
SVSP,2025,6,83,37,46,1,14,22,0,5,39,2,d2512
SVSP,2025,7,100,64,36,1,31,31,1,7,28,1,d2512
SVSP,2025,8,106,62,44,5,22,35,0,9,30,5,d2512
SVSP,2025,9,106,73,33,2,36,35,0,7,21,5,d2512
SVSP,2025,10,90,56,34,2,24,29,1,5,22,7,d2512
SVSP,2025,11,72,45,27,0,22,23,0,5,20,2,d2512
SVSP,2025,12,82,60,22,0,24,36,0,3,15,4,d2512
VSP,2021,1,4,4,0,0,4,0,0,0,0,0,d2201
VSP,2021,2,5,5,0,0,5,0,0,0,0,0,d2201
VSP,2021,3,5,5,0,1,2,2,0,0,0,0,d2201
VSP,2021,4,7,7,0,1,5,1,0,0,0,0,d2201
VSP,2021,5,10,9,1,0,6,3,0,0,1,0,d2201
VSP,2021,6,5,5,0,1,2,2,0,0,0,0,d2201
VSP,2021,7,4,4,0,0,2,2,0,0,0,0,d2201
VSP,2021,8,4,1,3,0,0,1,0,0,3,0,d2201
VSP,2021,9,9,5,4,0,3,2,0,0,2,2,d2201
VSP,2021,10,2,2,0,0,1,1,0,0,0,0,d2201
VSP,2021,11,3,3,0,0,1,2,0,0,0,0,d2201
VSP,2021,12,7,4,3,0,3,1,0,1,1,1,d2212
VSP,2022,1,1,0,1,0,0,0,0,0,1,0,d2212
VSP,2022,2,11,8,3,0,5,3,0,0,1,2,d2212
VSP,2022,3,9,5,4,0,2,3,0,4,0,0,d2212
VSP,2022,4,7,4,3,0,4,0,0,1,1,1,d2212
VSP,2022,5,8,7,1,0,4,3,0,0,0,1,d2212
VSP,2022,6,10,9,1,1,4,4,0,1,0,0,d2212
VSP,2022,7,10,4,6,0,2,2,0,1,4,1,d2212
VSP,2022,8,9,4,5,0,3,1,0,0,2,3,d2212
VSP,2022,9,5,3,2,0,3,0,0,0,2,0,d2212
VSP,2022,10,5,5,0,0,3,2,0,0,0,0,d2212
VSP,2022,11,7,1,6,0,0,1,0,0,5,1,d2212
VSP,2022,12,14,12,2,0,8,4,0,1,1,0,d2312
VSP,2023,1,16,13,3,0,8,5,0,1,1,1,d2312
VSP,2023,2,15,8,7,0,6,2,0,0,5,2,d2312
VSP,2023,3,13,9,4,2,5,2,0,3,0,1,d2312
VSP,2023,4,18,16,2,2,7,6,1,0,2,0,d2312
VSP,2023,5,20,18,2,1,10,6,1,0,2,0,d2312
VSP,2023,6,16,11,5,3,4,4,0,0,4,1,d2312
VSP,2023,7,33,25,8,0,15,7,3,2,5,1,d2312
VSP,2023,8,12,11,1,0,9,1,1,0,1,0,d2312
VSP,2023,9,19,19,0,1,8,9,1,0,0,0,d2312
VSP,2023,10,13,7,6,1,3,3,0,1,4,1,d2312
VSP,2023,11,10,9,1,0,5,4,0,0,1,0,d2312
VSP,2023,12,23,15,8,0,8,6,1,0,8,0,d2312
VSP,2024,1,14,10,4,2,5,3,0,0,4,0,d2501
VSP,2024,2,16,10,6,1,6,2,1,0,6,0,d2501
VSP,2024,3,13,7,6,1,4,2,0,3,3,0,d2501
VSP,2024,4,9,7,2,0,4,3,0,1,1,0,d2501
VSP,2024,5,14,10,4,0,3,7,0,0,2,2,d2501
VSP,2024,6,13,8,5,0,5,3,0,1,4,0,d2501
VSP,2024,7,27,21,6,1,12,8,0,1,5,0,d2501
VSP,2024,8,22,16,6,1,9,6,0,2,4,0,d2501
VSP,2024,9,14,9,5,0,5,4,0,1,4,0,d2501
VSP,2024,10,18,18,0,2,9,6,1,0,0,0,d2501
VSP,2024,11,14,11,3,0,6,5,0,0,3,0,d2501
VSP,2024,12,13,9,4,0,3,4,2,0,3,1,d2512
VSP,2025,1,6,3,3,1,1,1,0,0,3,0,d2512
VSP,2025,2,17,13,4,1,7,5,0,0,4,0,d2512
VSP,2025,3,13,7,6,0,6,1,0,0,6,0,d2512
VSP,2025,4,14,9,5,0,6,3,0,2,3,0,d2512
VSP,2025,5,7,4,3,0,3,1,0,2,1,0,d2512
VSP,2025,6,7,3,4,0,1,2,0,0,3,1,d2512
VSP,2025,7,18,12,6,1,7,4,0,1,5,0,d2512
VSP,2025,8,5,1,4,0,1,0,0,0,4,0,d2512
VSP,2025,9,13,8,5,0,6,2,0,1,3,1,d2512
VSP,2025,10,7,5,2,0,2,3,0,0,2,0,d2512
VSP,2025,11,12,5,7,0,2,3,0,3,4,0,d2512
VSP,2025,12,7,6,1,0,4,2,0,0,1,0,d2512
WSP,2021,1,13,8,5,0,5,3,0,1,3,1,d2201
WSP,2021,2,16,8,8,0,3,5,0,2,6,0,d2201
WSP,2021,3,27,21,6,0,11,10,0,1,4,1,d2201
WSP,2021,4,18,12,6,1,7,4,0,3,3,0,d2201
WSP,2021,5,18,11,7,0,6,5,0,1,6,0,d2201
WSP,2021,6,20,15,5,0,12,3,0,0,5,0,d2201
WSP,2021,7,31,24,7,0,17,7,0,1,5,1,d2201
WSP,2021,8,22,16,6,0,15,1,0,1,5,0,d2201
WSP,2021,9,21,18,3,0,13,4,1,1,2,0,d2201
WSP,2021,10,12,8,4,0,4,4,0,3,1,0,d2201
WSP,2021,11,14,10,4,0,7,3,0,2,2,0,d2201
WSP,2021,12,18,14,4,0,10,4,0,1,3,0,d2212
WSP,2022,1,16,8,8,0,6,2,0,4,4,0,d2212
WSP,2022,2,9,4,5,0,3,1,0,3,2,0,d2212
WSP,2022,3,18,14,4,0,11,3,0,1,3,0,d2212
WSP,2022,4,25,16,9,0,9,7,0,5,4,0,d2212
WSP,2022,5,20,16,4,0,9,6,1,1,3,0,d2212
WSP,2022,6,16,8,8,0,7,1,0,3,4,1,d2212
WSP,2022,7,21,13,8,0,8,5,0,3,4,1,d2212
WSP,2022,8,23,17,6,2,11,4,0,1,5,0,d2212
WSP,2022,9,13,10,3,0,9,1,0,1,1,1,d2212
WSP,2022,10,9,7,2,0,6,1,0,0,2,0,d2212
WSP,2022,11,28,23,5,0,15,7,1,0,5,0,d2212
WSP,2022,12,26,21,5,0,14,7,0,2,3,0,d2312
WSP,2023,1,20,18,2,0,11,6,1,1,1,0,d2312
WSP,2023,2,22,13,9,0,7,5,1,2,7,0,d2312
WSP,2023,3,19,12,7,0,9,3,0,2,5,0,d2312
WSP,2023,4,29,26,3,0,14,11,1,2,1,0,d2312
WSP,2023,5,25,19,6,0,13,6,0,3,3,0,d2312
WSP,2023,6,35,24,11,0,15,8,1,3,6,2,d2312
WSP,2023,7,26,17,9,0,12,5,0,2,6,1,d2312
WSP,2023,8,24,21,3,1,14,5,1,0,3,0,d2312
WSP,2023,9,32,26,6,0,16,10,0,2,4,0,d2312
WSP,2023,10,11,9,2,0,6,3,0,0,2,0,d2312
WSP,2023,11,26,24,2,0,17,7,0,1,1,0,d2312
WSP,2023,12,40,30,10,0,23,7,0,3,7,0,d2312
WSP,2024,1,26,24,2,0,15,9,0,1,1,0,d2501
WSP,2024,2,30,26,4,0,17,9,0,0,4,0,d2501
WSP,2024,3,31,25,6,1,17,7,0,3,3,0,d2501
WSP,2024,4,24,21,3,0,13,8,0,0,2,1,d2501
WSP,2024,5,28,22,6,0,17,5,0,2,3,1,d2501
WSP,2024,6,26,18,8,0,12,6,0,4,4,0,d2501
WSP,2024,7,32,22,10,0,16,6,0,4,5,1,d2501
WSP,2024,8,25,22,3,1,17,4,0,2,1,0,d2501
WSP,2024,9,23,19,4,0,17,2,0,1,3,0,d2501
WSP,2024,10,30,26,4,2,17,6,1,1,3,0,d2501
WSP,2024,11,25,24,1,0,20,4,0,1,0,0,d2501
WSP,2024,12,35,28,7,0,21,7,0,3,4,0,d2512
WSP,2025,1,33,25,8,0,14,10,1,3,5,0,d2512
WSP,2025,2,35,31,4,2,21,8,0,0,4,0,d2512
WSP,2025,3,47,45,2,0,38,7,0,0,2,0,d2512
WSP,2025,4,38,32,6,0,26,6,0,1,5,0,d2512
WSP,2025,5,45,40,5,0,30,9,1,0,5,0,d2512
WSP,2025,6,43,40,3,1,28,10,1,1,2,0,d2512
WSP,2025,7,30,28,2,2,24,2,0,0,2,0,d2512
WSP,2025,8,26,22,4,0,13,9,0,2,2,0,d2512
WSP,2025,9,30,22,8,0,13,9,0,2,6,0,d2512
WSP,2025,10,31,27,4,1,19,7,0,1,3,0,d2512
WSP,2025,11,18,16,2,0,11,5,0,0,1,1,d2512
WSP,2025,12,26,23,3,0,13,10,0,0,3,0,d2512
