data_month,cdcr_code,rhu_population,total_population,pct_in_rhu
2024-12,ASP,0,3783,0.0
2024-12,CAL,97,2390,4.1
2024-12,CCI,83,2044,4.1
2024-12,CCWF,45,2022,2.2
2024-12,CEN,60,2794,2.1
2024-12,CHCF,0,2101,0.0
2024-12,CIM,76,2205,3.4
2024-12,CIW,6,1270,0.5
2024-12,CMC,128,2227,5.7
2024-12,CMF,32,1875,1.7
2024-12,COR,297,2685,11.1
2024-12,CRC,0,2800,0.0
2024-12,CTF,75,4386,1.7
2024-12,FOL,110,2797,3.9
2024-12,HDSP,101,2837,3.6
2024-12,ISP,55,2927,1.9
2024-12,KVSP,208,3267,6.4
2024-12,LAC,210,3189,6.6
2024-12,MCSP,110,3874,2.8
2024-12,NKSP,88,2998,2.9
2024-12,PBSP,96,2020,4.8
2024-12,PVSP,94,2890,3.3
2024-12,RJD,119,3157,3.8
2024-12,SAC,269,2248,12.0
2024-12,SATF,97,5261,1.8
2024-12,SCC,96,4164,2.3
2024-12,SOL,118,3924,3.0
2024-12,SQ,56,2945,1.9
2024-12,SVSP,107,2492,4.3
2024-12,VSP,52,3216,1.6
2024-12,WSP,71,3385,2.1
2025-01,ASP,0,3784,0.0
2025-01,CAL,89,2485,3.6
2025-01,CCI,72,2371,3.0
2025-01,CCWF,33,1995,1.7
2025-01,CEN,61,2794,2.2
2025-01,CHCF,0,2095,0.0
2025-01,CIM,71,2238,3.2
2025-01,CIW,25,1281,2.0
2025-01,CMC,133,2200,6.0
2025-01,CMF,37,1870,2.0
2025-01,COR,304,2664,11.4
2025-01,CRC,0,2737,0.0
2025-01,CTF,105,4346,2.4
2025-01,FOL,114,2765,4.1
2025-01,HDSP,100,2801,3.6
2025-01,ISP,62,2823,2.2
2025-01,KVSP,196,3182,6.2
2025-01,LAC,195,3113,6.3
2025-01,MCSP,96,3852,2.5
2025-01,NKSP,87,2697,3.2
2025-01,PBSP,115,2030,5.7
2025-01,PVSP,109,2899,3.8
2025-01,RJD,133,3273,4.1
2025-01,SAC,271,2113,12.8
2025-01,SATF,92,5146,1.8
2025-01,SCC,98,4170,2.4
2025-01,SOL,106,3882,2.7
2025-01,SQ,64,2931,2.2
2025-01,SVSP,104,2356,4.4
2025-01,VSP,27,3132,0.9
2025-01,WSP,62,3834,1.6
2025-02,ASP,0,3765,0.0
2025-02,CAL,103,2539,4.1
2025-02,CCI,73,2420,3.0
2025-02,CCWF,47,2023,2.3
2025-02,CEN,52,2797,1.9
2025-02,CHCF,0,2079,0.0
2025-02,CIM,81,2310,3.5
2025-02,CIW,19,1241,1.5
2025-02,CMC,138,2205,6.3
2025-02,CMF,45,1891,2.4
2025-02,COR,320,2632,12.2
2025-02,CRC,0,2756,0.0
2025-02,CTF,110,4324,2.5
2025-02,FOL,124,2817,4.4
2025-02,HDSP,104,2793,3.7
2025-02,ISP,79,2610,3.0
2025-02,KVSP,202,3153,6.4
2025-02,LAC,218,3144,6.9
2025-02,MCSP,105,3805,2.8
2025-02,NKSP,90,2650,3.4
2025-02,PBSP,98,2018,4.9
2025-02,PVSP,110,2834,3.9
2025-02,RJD,121,3366,3.6
2025-02,SAC,240,2058,11.7
2025-02,SATF,91,5234,1.7
2025-02,SCC,124,4180,3.0
2025-02,SOL,112,3875,2.9
2025-02,SQ,64,2879,2.2
2025-02,SVSP,114,2370,4.8
2025-02,VSP,26,3083,0.8
2025-02,WSP,68,3819,1.8
2025-03,ASP,0,3809,0.0
2025-03,CAL,126,2555,4.9
2025-03,CCI,62,2413,2.6
2025-03,CCWF,61,2005,3.0
2025-03,CEN,49,2819,1.7
2025-03,CHCF,0,2094,0.0
2025-03,CIM,92,2347,3.9
2025-03,CIW,14,1228,1.1
2025-03,CMC,146,2185,6.7
2025-03,CMF,50,1909,2.6
2025-03,COR,335,2618,12.8
2025-03,CRC,0,2698,0.0
2025-03,CTF,105,4304,2.4
2025-03,FOL,110,2829,3.9
2025-03,HDSP,93,2903,3.2
2025-03,ISP,71,2514,2.8
2025-03,KVSP,200,3072,6.5
2025-03,LAC,211,3081,6.8
2025-03,MCSP,110,3803,2.9
2025-03,NKSP,70,2596,2.7
2025-03,PBSP,96,2005,4.8
2025-03,PVSP,92,2844,3.2
2025-03,RJD,125,3433,3.6
2025-03,SAC,249,2075,12.0
2025-03,SATF,98,5337,1.8
2025-03,SCC,118,4110,2.9
2025-03,SOL,117,3882,3.0
2025-03,SQ,78,2865,2.7
2025-03,SVSP,113,2403,4.7
2025-03,VSP,36,3022,1.2
2025-03,WSP,71,3644,1.9
2025-04,ASP,0,,0.0
2025-04,CAL,122,2482,4.9
2025-04,CCI,74,2479,3.0
2025-04,CCWF,59,1988,3.0
2025-04,CEN,63,2901,2.2
2025-04,CHCF,17,2212,0.8
2025-04,CIM,83,2312,3.6
2025-04,CIW,20,1217,1.6
2025-04,CMC,140,2225,6.3
2025-04,CMF,54,1966,2.7
2025-04,COR,380,2648,14.4
2025-04,CRC,0,2762,0.0
2025-04,CTF,116,4290,2.7
2025-04,FOL,129,2855,4.5
2025-04,HDSP,95,2823,3.4
2025-04,ISP,78,2624,3.0
2025-04,KVSP,205,3111,6.6
2025-04,LAC,214,2854,7.5
2025-04,MCSP,111,3775,2.9
2025-04,NKSP,96,2517,3.8
2025-04,PBSP,107,2006,5.3
2025-04,PVSP,111,2981,3.7
2025-04,RJD,130,3471,3.7
2025-04,SAC,267,2063,12.9
2025-04,SATF,108,5410,2.0
2025-04,SCC,112,4026,2.8
2025-04,SOL,105,3789,2.8
2025-04,SQ,72,2805,2.6
2025-04,SVSP,93,2328,4.0
2025-04,VSP,28,3013,0.9
2025-04,WSP,75,3603,2.1
2025-05,ASP,0,3992,0.0
2025-05,CAL,110,2429,4.5
2025-05,CCI,82,2472,3.3
2025-05,CCWF,59,2027,2.9
2025-05,CEN,77,2951,2.6
2025-05,CHCF,43,2309,1.9
2025-05,CIM,70,2262,3.1
2025-05,CIW,12,1199,1.0
2025-05,CMC,148,2253,6.6
2025-05,CMF,57,2023,2.8
2025-05,COR,372,2625,14.2
2025-05,CRC,0,2744,0.0
2025-05,CTF,94,4246,2.2
2025-05,FOL,121,2867,4.2
2025-05,HDSP,95,2715,3.5
2025-05,ISP,65,2621,2.5
2025-05,KVSP,200,3113,6.4
2025-05,LAC,207,2687,7.7
2025-05,MCSP,106,3781,2.8
2025-05,NKSP,83,2410,3.4
2025-05,PBSP,86,2005,4.3
2025-05,PVSP,109,2959,3.7
2025-05,RJD,134,3555,3.8
2025-05,SAC,266,2145,12.4
2025-05,SATF,107,5406,2.0
2025-05,SCC,112,3980,2.8
2025-05,SOL,106,3706,2.9
2025-05,SQ,67,2722,2.5
2025-05,SVSP,122,2375,5.1
2025-05,VSP,37,3045,1.2
2025-05,WSP,89,3816,2.3
2025-06,ASP,0,4028,0.0
2025-06,CAL,101,2365,4.3
2025-06,CCI,70,2423,2.9
2025-06,CCWF,41,1962,2.1
2025-06,CEN,73,2983,2.4
2025-06,CHCF,44,2277,1.9
2025-06,CIM,83,2268,3.7
2025-06,CIW,16,1235,1.3
2025-06,CMC,154,2209,7.0
2025-06,CMF,57,2071,2.8
2025-06,COR,368,2588,14.2
2025-06,CRC,0,2735,0.0
2025-06,CTF,117,4227,2.8
2025-06,FOL,122,2830,4.3
2025-06,HDSP,101,2635,3.8
2025-06,ISP,63,2649,2.4
2025-06,KVSP,203,3160,6.4
2025-06,LAC,205,2750,7.5
2025-06,MCSP,96,3795,2.5
2025-06,NKSP,93,2384,3.9
2025-06,PBSP,89,2032,4.4
2025-06,PVSP,92,2900,3.2
2025-06,RJD,97,3585,2.7
2025-06,SAC,264,2175,12.1
2025-06,SATF,104,5399,1.9
2025-06,SCC,101,3948,2.6
2025-06,SOL,112,3595,3.1
2025-06,SQ,88,2702,3.3
2025-06,SVSP,117,2363,5.0
2025-06,VSP,28,3057,0.9
2025-06,WSP,100,3938,2.5
2025-07,ASP,0,4040,0.0
2025-07,CAL,108,2373,4.6
2025-07,CCI,68,2394,2.8
2025-07,CCWF,57,1983,2.9
2025-07,CEN,73,2952,2.5
2025-07,CHCF,42,2280,1.8
2025-07,CIM,81,2244,3.6
2025-07,CIW,7,1210,0.6
2025-07,CMC,159,2154,7.4
2025-07,CMF,60,2091,2.9
2025-07,COR,361,2569,14.1
2025-07,CRC,0,2795,0.0
2025-07,CTF,89,4172,2.1
2025-07,FOL,112,2783,4.0
2025-07,HDSP,97,2530,3.8
2025-07,ISP,74,2698,2.7
2025-07,KVSP,198,3128,6.3
2025-07,LAC,202,2878,7.0
2025-07,MCSP,117,3796,3.1
2025-07,NKSP,98,2266,4.3
2025-07,PBSP,97,2101,4.6
2025-07,PVSP,100,2997,3.3
2025-07,RJD,126,3653,3.4
2025-07,SAC,263,2178,12.1
2025-07,SATF,102,5385,1.9
2025-07,SCC,136,3908,3.5
2025-07,SOL,112,3558,3.1
2025-07,SQ,72,2626,2.7
2025-07,SVSP,106,2377,4.5
2025-07,VSP,32,3134,1.0
2025-07,WSP,83,3968,2.1
2025-08,ASP,0,3932,0.0
2025-08,CAL,102,2380,4.3
2025-08,CCI,76,2488,3.1
2025-08,CCWF,46,2033,2.3
2025-08,CEN,77,3016,2.6
2025-08,CHCF,43,2298,1.9
2025-08,CIM,49,2229,2.2
2025-08,CIW,14,1150,1.2
2025-08,CMC,119,2086,5.7
2025-08,CMF,59,2096,2.8
2025-08,COR,341,2580,13.2
2025-08,CRC,0,2610,0.0
2025-08,CTF,98,4166,2.4
2025-08,FOL,105,2726,3.9
2025-08,HDSP,100,2383,4.2
2025-08,ISP,75,2722,2.8
2025-08,KVSP,184,3061,6.0
2025-08,LAC,210,3032,6.9
2025-08,MCSP,97,3808,2.5
2025-08,NKSP,76,2407,3.2
2025-08,PBSP,104,2176,4.8
2025-08,PVSP,90,3081,2.9
2025-08,RJD,126,3712,3.4
2025-08,SAC,294,2158,13.6
2025-08,SATF,102,5377,1.9
2025-08,SCC,130,3899,3.3
2025-08,SOL,120,3568,3.4
2025-08,SQ,66,2596,2.5
2025-08,SVSP,104,2394,4.3
2025-08,VSP,37,3278,1.1
2025-08,WSP,77,3800,2.0
2025-09,ASP,0,3933,0.0
2025-09,CAL,84,2405,3.5
2025-09,CCI,89,2519,3.5
2025-09,CCWF,55,2061,2.7
2025-09,CEN,93,3081,3.0
2025-09,CHCF,44,2334,1.9
2025-09,CIM,56,2278,2.5
2025-09,CIW,14,1136,1.2
2025-09,CMC,137,2100,6.5
2025-09,CMF,62,2134,2.9
2025-09,COR,362,2615,13.8
2025-09,CRC,0,2153,0.0
2025-09,CTF,129,4176,3.1
2025-09,FOL,132,2731,4.8
2025-09,HDSP,108,2593,4.2
2025-09,ISP,64,2844,2.3
2025-09,KVSP,196,2884,6.8
2025-09,LAC,217,3085,7.0
2025-09,MCSP,92,3738,2.5
2025-09,NKSP,82,2557,3.2
2025-09,PBSP,101,2188,4.6
2025-09,PVSP,96,3066,3.1
2025-09,RJD,128,3731,3.4
2025-09,SAC,287,2175,13.2
2025-09,SATF,108,5403,2.0
2025-09,SCC,105,3964,2.6
2025-09,SOL,111,3676,3.0
2025-09,SQ,70,2581,2.7
2025-09,SVSP,110,2437,4.5
2025-09,VSP,34,3297,1.0
2025-09,WSP,84,3444,2.4
2025-10,ASP,0,3933,0.0
2025-10,CAL,84,2405,3.5
2025-10,CCI,89,2519,3.5
2025-10,CCWF,55,2061,2.7
2025-10,CEN,93,3081,3.0
2025-10,CHCF,44,2334,1.9
2025-10,CIM,56,2278,2.5
2025-10,CIW,14,1136,1.2
2025-10,CMC,137,2100,6.5
2025-10,CMF,62,2134,2.9
2025-10,COR,362,2615,13.8
2025-10,CRC,0,2153,0.0
2025-10,CTF,129,4176,3.1
2025-10,FOL,132,2731,4.8
2025-10,HDSP,108,2593,4.2
2025-10,ISP,64,2844,2.3
2025-10,KVSP,196,2884,6.8
2025-10,LAC,217,3085,7.0
2025-10,MCSP,92,3738,2.5
2025-10,NKSP,82,2557,3.2
2025-10,PBSP,101,2188,4.6
2025-10,PVSP,96,3066,3.1
2025-10,RJD,128,3731,3.4
2025-10,SAC,287,2175,13.2
2025-10,SATF,108,5403,2.0
2025-10,SCC,105,3964,2.6
2025-10,SOL,111,3676,3.0
2025-10,SQ,70,2581,2.7
2025-10,SVSP,110,2437,4.5
2025-10,VSP,34,3297,1.0
2025-10,WSP,84,3444,2.4
2025-11,ASP,0,3796,0.0
2025-11,CAL,86,2502,3.4
2025-11,CCI,82,2392,3.4
2025-11,CCWF,58,2130,2.7
2025-11,CEN,89,3181,2.8
2025-11,CHCF,46,2336,2.0
2025-11,CIM,62,2232,2.8
2025-11,CIW,18,1123,1.6
2025-11,CMC,141,2135,6.6
2025-11,CMF,84,2153,3.9
2025-11,COR,375,2649,14.2
2025-11,CRC,0,1335,0.0
2025-11,CTF,102,4164,2.4
2025-11,FOL,125,2680,4.7
2025-11,HDSP,92,2814,3.3
2025-11,ISP,49,2983,1.6
2025-11,KVSP,203,3070,6.6
2025-11,LAC,216,2915,7.4
2025-11,MCSP,116,3697,3.1
2025-11,NKSP,88,2784,3.2
2025-11,PBSP,108,2195,4.9
2025-11,PVSP,103,3113,3.3
2025-11,RJD,133,3758,3.5
2025-11,SAC,297,2135,13.9
2025-11,SATF,112,5412,2.1
2025-11,SCC,124,4064,3.1
2025-11,SOL,111,3768,2.9
2025-11,SQ,57,2507,2.3
2025-11,SVSP,116,2426,4.8
2025-11,VSP,31,3245,1.0
2025-11,WSP,67,3470,1.9
2025-12,ASP,0,3821,0.0
2025-12,CAL,105,2509,4.2
2025-12,CCI,83,2376,3.5
2025-12,CCWF,62,2168,2.9
2025-12,CEN,87,3150,2.8
2025-12,CHCF,49,2351,2.1
2025-12,CIM,84,2293,3.7
2025-12,CIW,26,1099,2.4
2025-12,CMC,131,2201,6.0
2025-12,CMF,67,2183,3.1
2025-12,COR,399,2657,15.0
2025-12,CRC,0,999,0.0
2025-12,CTF,89,4131,2.2
2025-12,FOL,116,2706,4.3
2025-12,HDSP,89,2896,3.1
2025-12,ISP,86,3172,2.7
2025-12,KVSP,199,3249,6.1
2025-12,LAC,212,3066,6.9
2025-12,MCSP,92,3546,2.6
2025-12,NKSP,81,2840,2.9
2025-12,PBSP,92,2169,4.2
2025-12,PVSP,86,3083,2.8
2025-12,RJD,171,3773,4.5
2025-12,SAC,278,2149,12.9
2025-12,SATF,103,5319,1.9
2025-12,SCC,128,4103,3.1
2025-12,SOL,98,3783,2.6
2025-12,SQ,67,2506,2.7
2025-12,SVSP,100,2367,4.2
2025-12,VSP,34,3200,1.1
2025-12,WSP,93,3369,2.8
2026-02,ASP,0,3882,0.0
2026-02,CAL,104,2530,4.1
2026-02,CCI,73,2371,3.1
2026-02,CCWF,52,2184,2.4
2026-02,CEN,104,3125,3.3
2026-02,CHCF,47,2392,2.0
2026-02,CIM,67,2326,2.9
2026-02,CIW,16,1081,1.5
2026-02,CMC,139,2116,6.6
2026-02,CMF,68,2158,3.2
2026-02,COR,360,2582,13.9
2026-02,CRC,0,603,0.0
2026-02,CTF,111,4362,2.5
2026-02,FOL,122,2678,4.6
2026-02,HDSP,97,2924,3.3
2026-02,ISP,96,3378,2.8
2026-02,KVSP,193,3281,5.9
2026-02,LAC,235,3259,7.2
2026-02,MCSP,95,3536,2.7
2026-02,NKSP,88,2713,3.2
2026-02,PBSP,94,1706,5.5
2026-02,PVSP,106,3133,3.4
2026-02,RJD,159,3968,4.0
2026-02,SAC,279,2167,12.9
2026-02,SATF,112,5255,2.1
2026-02,SCC,132,4104,3.2
2026-02,SOL,95,3445,2.8
2026-02,SQ,79,2467,3.2
2026-02,SVSP,114,2343,4.9
2026-02,VSP,35,3111,1.1
2026-02,WSP,94,3319,2.8
