date,sco_facility_name,full_time,part_time,intermittent,indeterminate,total
April 2021,AVENAL STATE PRISON,1215,7,44,0,1266
April 2021,AVENAL STATE PRISON - PIA,46,0,1,0,47
April 2021,CA CITY CORR FACILITY (IWF),4,0,0,0,4
April 2021,CA CITY CORRECTIONAL FACILITY,625,4,14,0,643
April 2021,CA. CITY CORR FACILITY - PIA,4,0,4,0,8
April 2021,CA. CORRECTIONAL CENTER,968,0,27,0,995
April 2021,CA. CORRECTIONAL CENTER - PIA,6,0,1,0,7
April 2021,CA. CORRECTIONAL INSTITUTION,1523,6,51,0,1580
April 2021,CA. HEALTH CARE FACILITY,1351,2,29,0,1382
April 2021,CA. HEALTH CARE FACILITY - PIA,5,0,0,0,5
April 2021,CA. INSTITUTION FOR MEN,1521,8,79,0,1608
April 2021,CA. INSTITUTION FOR MEN - PIA,40,0,1,0,41
April 2021,CA. INSTITUTION FOR WOMEN,1087,7,24,0,1118
April 2021,CA. INSTITUTION FOR WOMEN- PIA,15,0,3,0,18
April 2021,CA. MEDICAL FACILITY,1640,14,46,0,1700
April 2021,CA. MEDICAL FACILITY - PIA,15,0,2,0,17
April 2021,CA. MEN'S COLONY,1626,10,36,0,1672
April 2021,CA. MEN'S COLONY - PIA,44,0,0,0,44
April 2021,CA. REHABILITATION CENTER- PIA,4,0,0,0,4
April 2021,CA. STATE PRISON - CORCORAN,1897,6,61,0,1964
April 2021,CA. STATE PRISON - SACRAMENTO,1576,4,84,0,1664
April 2021,CA. STATE PRISON - SOLANO,1258,4,43,0,1305
April 2021,CA. STATE PRISON - WASCO,1438,10,46,0,1494
April 2021,CA. STATE PRISON - WASCO - PIA,10,0,1,0,11
April 2021,CA. STATE PRISON-CORCORAN -PIA,55,0,2,0,57
April 2021,CALIPATRIA STATE PRISON,1142,6,31,0,1179
April 2021,CALIPATRIA STATE PRISON - PIA,6,0,2,0,8
April 2021,CDCR/CCHCS CA HEALTH CARE FACI,1281,4,1,0,1286
April 2021,CENTINELA STATE PRISON,1200,7,29,0,1236
April 2021,CENTINELA STATE PRISON - PIA,10,0,2,0,12
April 2021,CENTRAL CA. WOMENS FACILITY,1126,11,46,0,1183
April 2021,CENTRAL CA. WOMENS FACILITY-PI,37,0,1,0,38
April 2021,CHADERJIAN SCHOOL,265,1,19,0,285
April 2021,CHUCKAWALLA VALLEY STATE PRISO,803,1,33,0,837
April 2021,CHUCKAWALLA VALY ST PRISON-PIA,8,0,0,0,8
April 2021,CORR TRAINING FACILITY - PIA,26,0,0,0,26
April 2021,CORRECTIONAL TRAINING FACILITY,1292,6,40,0,1338
April 2021,CSP - LOS ANGELES COUNTY,1406,10,42,0,1458
April 2021,DELANO II STATE PRISON,1543,6,74,0,1623
April 2021,DEUEL VOCATIONAL INST - PIA,15,0,0,0,15
April 2021,DEUEL VOCATIONAL INSTITUTION,741,6,17,0,764
April 2021,FOLSOM STATE PRISON,982,4,33,0,1019
April 2021,FOLSOM STATE PRISON - PIA,36,0,2,0,38
April 2021,HIGH DESERT STATE PRISON,1217,1,46,0,1264
April 2021,HIGH DESERT STATE PRISON - PIA,7,0,0,0,7
April 2021,IRONWOOD STATE PRISON,1063,0,30,0,1093
April 2021,IRONWOOD STATE PRISON - PIA,5,0,1,0,6
April 2021,KERN VALLEY STATE PRISON - PIA,10,0,1,0,11
April 2021,MULE CREEK STATE PRISON,1583,8,44,0,1635
April 2021,MULE CREEK STATE PRISON - PIA,40,0,1,0,41
April 2021,NORTH KERN STATE PRISON,1306,11,47,0,1364
April 2021,NORTH KERN STATE PRISON - PIA,7,0,2,0,9
April 2021,NORTHERN CA. YOUTH CENTER,189,1,11,0,201
April 2021,O. H. CLOSE SCHOOL,141,0,18,0,159
April 2021,PELICAN BAY STATE PRISON,1251,3,44,0,1298
April 2021,PELICAN BAY STATE PRISON - PIA,13,0,2,0,15
April 2021,PINE GROVE YTH CONS CAMP,28,0,3,0,31
April 2021,PLEASANT VALLEY ST PRISON-PIA,4,0,5,0,9
April 2021,PLEASANT VALLEY STATE PRISON,1213,4,30,0,1247
April 2021,R J DONOVAN CORR FACILITY,1788,12,25,0,1825
April 2021,R J DONOVAN CORR FACILITY-PIA,26,0,0,0,26
April 2021,REHABILITATION CENTER,1174,9,37,0,1220
April 2021,SALINAS VALLEY ST. PRISON- PIA,25,0,2,0,27
April 2021,SALINAS VALLEY STATE PRISON,1491,8,48,0,1547
April 2021,SAN QUENTIN STATE PRISON,1604,9,42,0,1655
April 2021,SAN QUENTIN STATE PRISON - PIA,22,0,1,0,23
April 2021,SIERRA CONSERVATION CENTER,1006,4,31,0,1041
April 2021,SIERRA CONSERVATION CENTER-PIA,9,0,0,0,9
April 2021,SUBSTANCE ABUSE TREAT FACILITY,15,0,3,0,18
April 2021,SUBSTANCE ABUSE TREAT-CORCORAN,1738,6,63,0,1807
April 2021,VALLEY STATE PRISON,1010,7,38,0,1055
April 2021,VENTURA SCHOOL FOR GIRLS,321,3,13,0,337
May 2022,AVENAL STATE PRISON,1229,4,35,0,1268
May 2022,AVENAL STATE PRISON - PIA,46,0,1,0,47
May 2022,CA CITY CORR FACILITY (IWF),4,0,0,0,4
May 2022,CA CITY CORRECTIONAL FACILITY,603,2,15,0,620
May 2022,CA. CITY CORR FACILITY - PIA,3,0,2,0,5
May 2022,CA. CORRECTIONAL CENTER,821,0,20,0,841
May 2022,CA. CORRECTIONAL CENTER - PIA,1,0,1,0,2
May 2022,CA. CORRECTIONAL INSTITUTION,1383,5,31,0,1419
May 2022,CA. HEALTH CARE FACILITY,1369,2,22,0,1393
May 2022,CA. HEALTH CARE FACILITY - PIA,5,0,0,0,5
May 2022,CA. INSTITUTION FOR MEN,1510,9,56,0,1575
May 2022,CA. INSTITUTION FOR MEN - PIA,42,0,0,0,42
May 2022,CA. INSTITUTION FOR WOMEN,1052,7,26,0,1085
May 2022,CA. INSTITUTION FOR WOMEN- PIA,16,0,0,0,16
May 2022,CA. MEDICAL FACILITY,1913,12,26,0,1951
May 2022,CA. MEDICAL FACILITY - PIA,14,0,1,0,15
May 2022,CA. MEN'S COLONY,1582,9,31,0,1622
May 2022,CA. MEN'S COLONY - PIA,45,0,0,0,45
May 2022,CA. REHABILITATION CENTER- PIA,6,0,0,0,6
May 2022,CA. STATE PRISON - CORCORAN,1786,5,66,0,1857
May 2022,CA. STATE PRISON - SACRAMENTO,1506,4,36,0,1546
May 2022,CA. STATE PRISON - SOLANO,1260,3,48,0,1311
May 2022,CA. STATE PRISON - WASCO,1391,8,55,0,1454
May 2022,CA. STATE PRISON - WASCO - PIA,10,0,1,0,11
May 2022,CA. STATE PRISON-CORCORAN -PIA,54,0,2,0,56
May 2022,CALIPATRIA STATE PRISON,1156,6,35,0,1197
May 2022,CALIPATRIA STATE PRISON - PIA,7,0,0,0,7
May 2022,CDCR/CCHCS CA HEALTH CARE FACI,1786,3,16,0,1805
May 2022,CENTINELA STATE PRISON,1162,6,20,0,1188
May 2022,CENTINELA STATE PRISON - PIA,12,0,2,0,14
May 2022,CENTRAL CA. WOMENS FACILITY,1110,7,49,0,1166
May 2022,CENTRAL CA. WOMENS FACILITY-PI,45,0,1,0,46
May 2022,CHADERJIAN SCHOOL,245,0,14,0,259
May 2022,CHUCKAWALLA VALLEY STATE PRISO,802,5,37,0,844
May 2022,CHUCKAWALLA VALY ST PRISON-PIA,9,0,0,0,9
May 2022,CORR TRAINING FACILITY - PIA,25,0,0,0,25
May 2022,CORRECTIONAL TRAINING FACILITY,1121,11,32,0,1164
May 2022,CSP - LOS ANGELES COUNTY,1403,9,50,0,1462
May 2022,DELANO II STATE PRISON,1476,7,66,0,1549
May 2022,FOLSOM STATE PRISON,985,2,34,0,1021
May 2022,FOLSOM STATE PRISON - PIA,41,0,4,0,45
May 2022,HIGH DESERT STATE PRISON,1054,2,37,0,1093
May 2022,HIGH DESERT STATE PRISON - PIA,8,0,0,0,8
May 2022,IRONWOOD STATE PRISON,1040,1,25,0,1066
May 2022,IRONWOOD STATE PRISON - PIA,6,0,1,0,7
May 2022,KERN VALLEY STATE PRISON - PIA,10,0,2,0,12
May 2022,MULE CREEK STATE PRISON,1558,10,49,0,1617
May 2022,MULE CREEK STATE PRISON - PIA,39,0,2,0,41
May 2022,NORTH KERN STATE PRISON,1344,9,34,0,1387
May 2022,NORTH KERN STATE PRISON - PIA,7,0,2,0,9
May 2022,NORTHERN CA. YOUTH CENTER,181,1,11,0,193
May 2022,O. H. CLOSE SCHOOL,116,0,8,0,124
May 2022,PELICAN BAY STATE PRISON,1180,2,21,0,1203
May 2022,PELICAN BAY STATE PRISON - PIA,13,0,2,0,15
May 2022,PINE GROVE YTH CONS CAMP,23,0,4,0,27
May 2022,PLEASANT VALLEY ST PRISON-PIA,4,0,1,0,5
May 2022,PLEASANT VALLEY STATE PRISON,1239,5,29,0,1273
May 2022,R J DONOVAN CORR FACILITY,1825,15,29,0,1869
May 2022,R J DONOVAN CORR FACILITY-PIA,25,0,0,0,25
May 2022,REHABILITATION CENTER,1138,6,30,0,1174
May 2022,SALINAS VALLEY ST. PRISON- PIA,24,0,4,0,28
May 2022,SALINAS VALLEY STATE PRISON,1636,5,39,0,1680
May 2022,SAN QUENTIN STATE PRISON,1558,9,40,0,1607
May 2022,SAN QUENTIN STATE PRISON - PIA,16,0,1,0,17
May 2022,SIERRA CONSERVATION CENTER,1011,2,26,0,1039
May 2022,SIERRA CONSERVATION CENTER-PIA,5,0,0,0,5
May 2022,SUBSTANCE ABUSE TREAT FACILITY,18,0,3,0,21
May 2022,SUBSTANCE ABUSE TREAT-CORCORAN,1730,5,52,0,1787
May 2022,VALLEY STATE PRISON,1056,4,27,0,1087
May 2022,VENTURA SCHOOL FOR GIRLS,298,2,16,0,316
March 2023,AVENAL STATE PRISON,1263,6,41,0,1310
March 2023,AVENAL STATE PRISON - PIA,46,0,2,0,48
March 2023,CA CITY CORR FACILITY (IWF),4,0,0,0,4
March 2023,CA CITY CORRECTIONAL FACILITY,538,2,18,0,558
March 2023,CA. CITY CORR FACILITY - PIA,2,0,1,0,3
March 2023,CA. CORRECTIONAL CENTER,321,0,1,0,322
March 2023,CA. CORRECTIONAL INSTITUTION,1289,8,35,0,1332
March 2023,CA. HEALTH CARE FACILITY,1297,2,40,0,1339
March 2023,CA. HEALTH CARE FACILITY - PIA,5,0,0,0,5
March 2023,CA. INSTITUTION FOR MEN,1460,8,49,0,1517
March 2023,CA. INSTITUTION FOR MEN - PIA,43,0,1,0,44
March 2023,CA. INSTITUTION FOR WOMEN,1080,9,29,0,1118
March 2023,CA. INSTITUTION FOR WOMEN- PIA,19,0,0,0,19
March 2023,CA. MEDICAL FACILITY,1927,8,27,0,1962
March 2023,CA. MEDICAL FACILITY - PIA,17,0,0,0,17
March 2023,CA. MEN'S COLONY,1511,10,30,0,1551
March 2023,CA. MEN'S COLONY - PIA,40,0,1,0,41
March 2023,CA. REHABILITATION CENTER- PIA,6,0,0,0,6
March 2023,CA. STATE PRISON - CORCORAN,1820,8,56,0,1884
March 2023,CA. STATE PRISON - SACRAMENTO,1434,7,45,0,1486
March 2023,CA. STATE PRISON - SOLANO,1218,7,60,0,1285
March 2023,CA. STATE PRISON - WASCO,1387,9,46,0,1442
March 2023,CA. STATE PRISON - WASCO - PIA,11,0,1,0,12
March 2023,CA. STATE PRISON-CORCORAN -PIA,57,0,3,0,60
March 2023,CALIPATRIA STATE PRISON,1141,4,29,0,1174
March 2023,CALIPATRIA STATE PRISON - PIA,8,0,1,0,9
March 2023,CDCR/CCHCS CA HEALTH CARE FACI,1748,3,19,0,1770
March 2023,CENTINELA STATE PRISON,1189,6,16,0,1211
March 2023,CENTINELA STATE PRISON - PIA,12,0,2,0,14
March 2023,CENTRAL CA. WOMENS FACILITY,1104,13,57,0,1174
March 2023,CENTRAL CA. WOMENS FACILITY-PI,44,0,2,0,46
March 2023,CHADERJIAN SCHOOL,65,0,2,0,67
March 2023,CHUCKAWALLA VALLEY STATE PRISO,754,3,28,0,785
March 2023,CHUCKAWALLA VALY ST PRISON-PIA,8,0,0,0,8
March 2023,CORR TRAINING FACILITY - PIA,25,0,2,0,27
March 2023,CORRECTIONAL TRAINING FACILITY,1131,12,34,0,1177
March 2023,CSP - LOS ANGELES COUNTY,1427,10,51,0,1488
March 2023,DELANO II STATE PRISON,1544,4,64,0,1612
March 2023,FOLSOM STATE PRISON,946,6,34,0,986
March 2023,FOLSOM STATE PRISON - PIA,42,0,3,0,45
March 2023,HIGH DESERT STATE PRISON,1108,1,38,0,1147
March 2023,HIGH DESERT STATE PRISON - PIA,10,0,1,0,11
March 2023,IRONWOOD STATE PRISON,1064,3,19,0,1086
March 2023,IRONWOOD STATE PRISON - PIA,4,0,1,0,5
March 2023,KERN VALLEY STATE PRISON - PIA,13,0,0,0,13
March 2023,MULE CREEK STATE PRISON,1586,12,62,0,1660
March 2023,MULE CREEK STATE PRISON - PIA,36,0,1,0,37
March 2023,NORTH KERN STATE PRISON,1332,9,34,0,1375
March 2023,NORTH KERN STATE PRISON - PIA,8,0,2,0,10
March 2023,NORTHERN CA. YOUTH CENTER,308,1,9,0,318
March 2023,O. H. CLOSE SCHOOL,2,0,1,0,3
March 2023,PELICAN BAY STATE PRISON,1135,4,28,0,1167
March 2023,PELICAN BAY STATE PRISON - PIA,13,0,1,0,14
March 2023,PINE GROVE YTH CONS CAMP,3,0,6,0,9
March 2023,PLEASANT VALLEY ST PRISON-PIA,7,0,1,0,8
March 2023,PLEASANT VALLEY STATE PRISON,1230,3,30,0,1263
March 2023,R J DONOVAN CORR FACILITY,1851,17,26,0,1894
March 2023,R J DONOVAN CORR FACILITY-PIA,29,0,3,0,32
March 2023,REHABILITATION CENTER,1140,7,31,0,1178
March 2023,SALINAS VALLEY ST. PRISON- PIA,24,0,4,0,28
March 2023,SALINAS VALLEY STATE PRISON,1605,8,59,0,1672
March 2023,SAN QUENTIN STATE PRISON,1483,9,44,0,1536
March 2023,SAN QUENTIN STATE PRISON - PIA,11,0,0,0,11
March 2023,SIERRA CONSERVATION CENTER,1141,4,43,0,1188
March 2023,SIERRA CONSERVATION CENTER-PIA,6,0,0,0,6
March 2023,SUBSTANCE ABUSE TREAT FACILITY,21,0,2,0,23
March 2023,SUBSTANCE ABUSE TREAT-CORCORAN,1792,3,48,0,1843
March 2023,VALLEY STATE PRISON,1085,4,31,0,1120
March 2023,VENTURA SCHOOL FOR GIRLS,217,2,9,0,228
May 2024,AVENAL STATE PRISON,1325,11,35,0,1371
May 2024,AVENAL STATE PRISON - PIA,45,0,1,0,46
May 2024,CA CITY CORRECTIONAL FACILITY,1,0,0,0,1
May 2024,CA. CORRECTIONAL INSTITUTION,1203,9,43,0,1255
May 2024,CA. HEALTH CARE FACILITY,1412,2,30,0,1444
May 2024,CA. HEALTH CARE FACILITY - PIA,5,0,0,0,5
May 2024,CA. INSTITUTION FOR MEN,1416,11,49,0,1476
May 2024,CA. INSTITUTION FOR MEN - PIA,43,0,0,0,43
May 2024,CA. INSTITUTION FOR WOMEN,1082,9,47,0,1138
May 2024,CA. INSTITUTION FOR WOMEN- PIA,17,0,0,0,17
May 2024,CA. MEDICAL FACILITY,1983,11,41,0,2035
May 2024,CA. MEDICAL FACILITY - PIA,28,0,5,0,33
May 2024,CA. MEN'S COLONY,1320,11,33,0,1364
May 2024,CA. MEN'S COLONY - PIA,38,0,0,0,38
May 2024,CA. REHABILITATION CENTER- PIA,7,0,0,0,7
May 2024,CA. STATE PRISON - CORCORAN,1937,10,54,0,2001
May 2024,CA. STATE PRISON - SACRAMENTO,1521,9,77,0,1607
May 2024,CA. STATE PRISON - SOLANO,1270,5,66,0,1341
May 2024,CA. STATE PRISON - WASCO,1487,11,46,0,1544
May 2024,CA. STATE PRISON - WASCO - PIA,16,0,1,0,17
May 2024,CA. STATE PRISON-CORCORAN -PIA,59,0,1,0,60
May 2024,CALIPATRIA STATE PRISON,1121,6,42,0,1169
May 2024,CALIPATRIA STATE PRISON - PIA,9,0,1,0,10
May 2024,CDCR/CCHCS CA HEALTH CARE FACI,1877,4,4,0,1885
May 2024,CENTINELA STATE PRISON,1192,7,28,0,1227
May 2024,CENTINELA STATE PRISON - PIA,12,0,1,0,13
May 2024,CENTRAL CA. WOMENS FACILITY,1173,15,72,0,1260
May 2024,CENTRAL CA. WOMENS FACILITY-PI,44,0,2,0,46
May 2024,CHUCKAWALLA VALLEY STATE PRISO,622,2,32,0,656
May 2024,CHUCKAWALLA VALY ST PRISON-PIA,8,0,0,0,8
May 2024,CORR TRAINING FACILITY - PIA,25,0,1,0,26
May 2024,CORRECTIONAL TRAINING FACILITY,1184,9,36,0,1229
May 2024,CSP - LOS ANGELES COUNTY,1549,13,57,0,1619
May 2024,DELANO II STATE PRISON,1562,5,66,0,1633
May 2024,FOLSOM STATE PRISON,942,6,33,0,981
May 2024,FOLSOM STATE PRISON - PIA,43,0,8,0,51
May 2024,HIGH DESERT STATE PRISON,1303,2,33,0,1338
May 2024,HIGH DESERT STATE PRISON - PIA,11,0,1,0,12
May 2024,IRONWOOD STATE PRISON,1032,3,19,0,1054
May 2024,IRONWOOD STATE PRISON - PIA,6,0,2,0,8
May 2024,KERN VALLEY STATE PRISON - PIA,13,0,2,0,15
May 2024,MULE CREEK STATE PRISON,1628,11,51,0,1690
May 2024,MULE CREEK STATE PRISON - PIA,40,0,0,0,40
May 2024,NORTH KERN STATE PRISON,1392,10,36,0,1438
May 2024,NORTH KERN STATE PRISON - PIA,9,0,1,0,10
May 2024,PELICAN BAY STATE PRISON,1082,4,42,0,1128
May 2024,PELICAN BAY STATE PRISON - PIA,12,0,2,0,14
May 2024,PLEASANT VALLEY ST PRISON-PIA,7,0,0,0,7
May 2024,PLEASANT VALLEY STATE PRISON,1300,9,30,0,1339
May 2024,R J DONOVAN CORR FACILITY,1892,15,31,0,1938
May 2024,R J DONOVAN CORR FACILITY-PIA,31,0,2,0,33
May 2024,REHABILITATION CENTER,1090,3,30,0,1123
May 2024,SALINAS VALLEY ST. PRISON- PIA,23,0,2,0,25
May 2024,SALINAS VALLEY STATE PRISON,1639,9,56,0,1704
May 2024,SAN QUENTIN STATE PRISON,1588,7,36,0,1631
May 2024,SAN QUENTIN STATE PRISON - PIA,13,0,1,0,14
May 2024,SIERRA CONSERVATION CENTER,1241,2,38,0,1281
May 2024,SIERRA CONSERVATION CENTER-PIA,7,0,0,0,7
May 2024,SUBSTANCE ABUSE TREAT FACILITY,22,0,2,0,24
May 2024,SUBSTANCE ABUSE TREAT-CORCORAN,1845,8,62,0,1915
May 2024,VALLEY STATE PRISON,1116,11,46,0,1173
February 2025,AVENAL STATE PRISON,1276,9,35,0,1320
February 2025,AVENAL STATE PRISON - PIA,50,0,1,0,51
February 2025,C ENTRAL CA WOMENS FACILITY-PIA,47,0,2,0,49
February 2025,CA. CORRECTIONAL INSTITUTION,1200,9,37,0,1246
February 2025,CA. HEALTH CARE FACILITY,1452,2,28,0,1482
February 2025,CA. HEALTH CARE FACILITY - PIA,6,0,0,0,6
February 2025,CA. INSTITUTION FOR MEN,1384,13,34,0,1431
February 2025,CA. INSTITUTION FOR MEN - PIA,46,0,1,0,47
February 2025,CA. INSTITUTION FOR WOMEN,1074,8,38,0,1120
February 2025,CA. INSTITUTION FOR WOMEN- PIA,22,0,3,0,25
February 2025,CA. MEDICAL FACILITY,2092,13,35,0,2140
February 2025,CA. MEDICAL FACILITY - PIA,46,0,9,0,55
February 2025,CA. MEN'S COLONY,1311,12,27,0,1350
February 2025,CA. MEN'S COLONY - PIA,39,0,2,0,41
February 2025,CA. REHABILITATION CENTER- PIA,6,0,1,0,7
February 2025,CA. STATE PRISON - CORCORAN,1852,7,45,0,1904
February 2025,CA. STATE PRISON - SACRAMENTO,1525,14,68,0,1607
February 2025,CA. STATE PRISON - SOLANO,1270,8,40,0,1318
February 2025,CA. STATE PRISON - WASCO,1499,11,26,0,1536
February 2025,CA. STATE PRISON - WASCO - PIA,15,0,1,0,16
February 2025,CA. STATE PRISON-CORCORAN -PIA,66,0,4,0,70
February 2025,CALIPATRIA STATE PRISON,1124,10,35,0,1169
February 2025,CALIPATRIA STATE PRISON - PIA,9,0,4,0,13
February 2025,CDCR/CCHCS CA HEALTH CARE FACI,1908,5,13,0,1926
February 2025,CENTINELA STATE PRISON,1239,13,31,0,1283
February 2025,CENTINELA STATE PRISON - PIA,13,0,3,0,16
February 2025,CENTRAL CA. WOMENS FACILITY,1195,16,63,0,1274
February 2025,CORR TRAINING FACILITY - PIA,31,0,1,0,32
February 2025,CORRECTIONAL TRAINING FACILITY,1184,9,39,0,1232
February 2025,CSP - LOS ANGELES COUNTY,1513,12,55,0,1580
February 2025,DELANO II STATE PRISON,1561,8,50,0,1619
February 2025,FOLSOM STATE PRISON,1022,6,34,0,1062
February 2025,FOLSOM STATE PRISON - PIA,44,0,5,0,49
February 2025,HIGH DESERT STATE PRISON,1309,4,30,0,1343
February 2025,HIGH DESERT STATE PRISON - PIA,12,0,0,0,12
February 2025,IRONWOOD STATE PRISON,1151,4,18,0,1173
February 2025,IRONWOOD STATE PRISON - PIA,13,0,1,0,14
February 2025,KERN VALLEY STATE PRISON - PIA,17,0,1,0,18
February 2025,MULE CREEK STATE PRISON,1582,14,46,0,1642
February 2025,MULE CREEK STATE PRISON - PIA,48,0,0,0,48
February 2025,NORTH KERN STATE PRISON,1355,8,26,0,1389
February 2025,NORTH KERN STATE PRISON - PIA,10,0,1,0,11
February 2025,PELICAN BAY STATE PRISON,1059,3,47,0,1109
February 2025,PELICAN BAY STATE PRISON - PIA,14,0,1,0,15
February 2025,PLEASANT VALLEY ST PRISON-PIA,7,0,3,0,10
February 2025,PLEASANT VALLEY STATE PRISON,1307,6,25,0,1338
February 2025,R J DONOVAN CORR FACILITY,1907,15,34,0,1956
February 2025,R J DONOVAN CORR FACILITY-PIA,30,0,1,0,31
February 2025,REHABILITATION CENTER,1098,4,28,0,1130
February 2025,SALINAS VALLEY ST. PRISON- PIA,26,0,2,0,28
February 2025,SALINAS VALLEY STATE PRISON,1615,9,39,0,1663
February 2025,SAN QUENTIN STATE PRISON,1549,8,33,0,1590
February 2025,SAN QUENTIN STATE PRISON - PIA,16,0,2,0,18
February 2025,SIERRA CONSERVATION CENTER,1245,6,30,0,1281
February 2025,SIERRA CONSERVATION CENTER-PIA,6,0,0,0,6
February 2025,SUBSTANCE ABUSE TREAT FACILITY,21,0,2,0,23
February 2025,SUBSTANCE ABUSE TREAT-CORCORAN,1863,6,49,0,1918
February 2025,VALLEY STATE PRISON,1138,17,44,0,1199
May 2025,AVENAL STATE PRISON,1259,6,41,0,1306
May 2025,AVENAL STATE PRISON - PIA,54,0,2,0,56
May 2025,CA INSTITUTION,23,0,1,0,24
May 2025,CA. CORRECTIONAL INSTITUTION,1178,10,36,0,1224
May 2025,CA. HEALTH CARE FACILITY,1461,2,30,0,1493
May 2025,CA. HEALTH CARE FACILITY - PIA,6,0,0,0,6
May 2025,CA. INSTITUTION FOR MEN,1373,10,33,0,1416
May 2025,CA. INSTITUTION FOR MEN - PIA,47,0,2,0,49
May 2025,CA. INSTITUTION FOR WOMEN,1060,10,38,0,1108
May 2025,CA. MEDICAL FACILITY,2090,14,38,0,2142
May 2025,CA. MEDICAL FACILITY - PIA,46,0,4,0,50
May 2025,CA. MEN'S COLONY,1299,12,25,0,1336
May 2025,CA. MEN'S COLONY - PIA,41,0,2,0,43
May 2025,CA. REHABILITATION CENTER- PIA,7,0,1,0,8
May 2025,CA. STATE PRISON - CORCORAN,1837,8,40,0,1885
May 2025,CA. STATE PRISON - SACRAMENTO,1529,12,65,0,1606
May 2025,CA. STATE PRISON - SOLANO,1274,9,26,0,1309
May 2025,CA. STATE PRISON - WASCO,1475,11,28,0,1514
May 2025,CA. STATE PRISON - WASCO - PIA,15,0,1,0,16
May 2025,CA. STATE PRISON-CORCORAN -PIA,63,0,3,0,66
May 2025,CALIPATRIA STATE PRISON,1117,10,37,0,1164
May 2025,CALIPATRIA STATE PRISON - PIA,7,0,3,0,10
May 2025,CDCR/CCHCS CA HEALTH CARE FACI,2028,7,13,0,2048
May 2025,CENTINELA STATE PRISON,1234,13,36,0,1283
May 2025,CENTINELA STATE PRISON - PIA,13,0,2,0,15
May 2025,CENTRAL CA WOMENS FACILITY-PIA,49,0,1,0,50
May 2025,CENTRAL CA. WOMENS FACILITY,1174,17,67,0,1258
May 2025,CORR TRAINING FACILITY - PIA,31,0,0,0,31
May 2025,CORRECTIONAL TRAINING FACILITY,1206,8,35,0,1249
May 2025,CSP - LOS ANGELES COUNTY,1489,13,61,0,1563
May 2025,DELANO II STATE PRISON,1554,7,52,0,1613
May 2025,FOLSOM STATE PRISON,1010,6,32,0,1048
May 2025,FOLSOM STATE PRISON - PIA,45,0,8,0,53
May 2025,HIGH DESERT STATE PRISON,1285,2,35,0,1322
May 2025,HIGH DESERT STATE PRISON - PIA,13,0,1,0,14
May 2025,IRONWOOD STATE PRISON,1114,3,18,0,1135
May 2025,IRONWOOD STATE PRISON - PIA,13,0,0,0,13
May 2025,KERN VALLEY STATE PRISON - PIA,18,0,0,0,18
May 2025,MULE CREEK STATE PRISON,1562,12,45,0,1619
May 2025,MULE CREEK STATE PRISON - PIA,43,0,0,0,43
May 2025,NORTH KERN STATE PRISON,1347,7,20,0,1374
May 2025,NORTH KERN STATE PRISON - PIA,8,0,1,0,9
May 2025,PELICAN BAY STATE PRISON,1053,3,48,0,1104
May 2025,PELICAN BAY STATE PRISON - PIA,12,0,1,0,13
May 2025,PLEASANT VALLEY ST PRISON-PIA,8,0,1,0,9
May 2025,PLEASANT VALLEY STATE PRISON,1311,5,27,0,1343
May 2025,R J DONOVAN CORR FACILITY,1875,14,29,0,1918
May 2025,R J DONOVAN CORR FACILITY-PIA,35,0,1,0,36
May 2025,REHABILITATION CENTER,1106,5,28,0,1139
May 2025,SALINAS VALLEY ST. PRISON- PIA,29,0,4,0,33
May 2025,SALINAS VALLEY STATE PRISON,1594,9,33,0,1636
May 2025,SAN QUENTIN STATE PRISON,1548,6,39,0,1593
May 2025,SAN QUENTIN STATE PRISON - PIA,15,0,2,0,17
May 2025,SIERRA CONSERVATION CENTER,1233,7,29,0,1269
May 2025,SIERRA CONSERVATION CENTER-PIA,6,0,0,0,6
May 2025,SUBSTANCE ABUSE TREAT FACILITY,22,0,3,0,25
May 2025,SUBSTANCE ABUSE TREAT-CORCORAN,1864,9,50,0,1923
May 2025,VALLEY STATE PRISON,1128,13,38,0,1179
June 2025,AVENAL STATE PRISON,1262,6,38,0,1306
June 2025,AVENAL STATE PRISON - PIA,54,0,1,0,55
June 2025,C ENTRAL CA WOMENS FACILITY-PIA,49,0,1,0,50
June 2025,CA. CORRECTIONAL INSTITUTION,1185,12,35,0,1232
June 2025,CA. HEALTH CARE FACILITY,1459,2,30,0,1491
June 2025,CA. HEALTH CARE FACILITY - PIA,6,0,0,0,6
June 2025,CA. INSTITUTION FOR MEN,1372,10,34,0,1416
June 2025,CA. INSTITUTION FOR MEN - PIA,48,0,2,0,50
June 2025,CA. INSTITUTION FOR WOMEN,1065,9,41,0,1115
June 2025,CA. INSTITUTION FOR WOMEN- PIA,24,0,1,0,25
June 2025,CA. MEDICAL FACILITY,2102,14,34,0,2150
June 2025,CA. MEDICAL FACILITY - PIA,44,0,3,0,47
June 2025,CA. MEN'S COLONY,1301,15,25,0,1341
June 2025,CA. MEN'S COLONY - PIA,45,0,1,0,46
June 2025,CA. REHABILITATION CENTER- PIA,8,0,1,0,9
June 2025,CA. STATE PRISON - CORCORAN,1825,6,38,0,1869
June 2025,CA. STATE PRISON - SACRAMENTO,1513,11,61,0,1585
June 2025,CA. STATE PRISON - SOLANO,1272,9,23,0,1304
June 2025,CA. STATE PRISON - WASCO,1482,10,27,0,1519
June 2025,CA. STATE PRISON - WASCO - PIA,16,0,1,0,17
June 2025,CA. STATE PRISON-CORCORAN -PIA,63,0,3,0,66
June 2025,CALIPATRIA STATE PRISON,1115,10,36,0,1161
June 2025,CALIPATRIA STATE PRISON - PIA,7,0,1,0,8
June 2025,CDCR/CCHCS CA HEALTH CARE FACI,2050,7,13,0,2070
June 2025,CENTINELA STATE PRISON,1245,12,36,0,1293
June 2025,CENTINELA STATE PRISON - PIA,15,0,2,0,17
June 2025,CENTRAL CA. WOMENS FACILITY,1175,16,67,0,1258
June 2025,CORR TRAINING FACILITY - PIA,31,0,0,0,31
June 2025,CORRECTIONAL TRAINING FACILITY,1208,9,32,0,1249
June 2025,CSP - LOS ANGELES COUNTY,1496,14,61,0,1571
June 2025,DELANO II STATE PRISON,1564,7,50,0,1621
June 2025,FOLSOM STATE PRISON,1001,6,32,0,1039
June 2025,FOLSOM STATE PRISON - PIA,45,0,6,0,51
June 2025,HIGH DESERT STATE PRISON,1299,2,34,0,1335
June 2025,HIGH DESERT STATE PRISON - PIA,14,0,2,0,16
June 2025,IRONWOOD STATE PRISON,1109,4,17,0,1130
June 2025,IRONWOOD STATE PRISON - PIA,13,0,0,0,13
June 2025,KERN VALLEY STATE PRISON - PIA,18,0,0,0,18
June 2025,MULE CREEK STATE PRISON,1579,12,43,0,1634
June 2025,MULE CREEK STATE PRISON - PIA,43,0,0,0,43
June 2025,NORTH KERN STATE PRISON,1345,8,20,0,1373
June 2025,NORTH KERN STATE PRISON - PIA,9,0,1,0,10
June 2025,PELICAN BAY STATE PRISON,1073,2,48,0,1123
June 2025,PELICAN BAY STATE PRISON - PIA,13,0,1,0,14
June 2025,PLEASANT VALLEY ST PRISON-PIA,9,0,1,0,10
June 2025,PLEASANT VALLEY STATE PRISON,1300,5,26,0,1331
June 2025,R J DONOVAN CORR FACILITY,1857,14,27,0,1898
June 2025,R J DONOVAN CORR FACILITY-PIA,34,0,1,0,35
June 2025,REHABILITATION CENTER,1114,4,33,0,1151
June 2025,SALINAS VALLEY ST. PRISON- PIA,29,0,3,0,32
June 2025,SALINAS VALLEY STATE PRISON,1573,10,26,0,1609
June 2025,SAN QUENTIN STATE PRISON,1539,6,45,0,1590
June 2025,SAN QUENTIN STATE PRISON - PIA,15,0,3,0,18
June 2025,SIERRA CONSERVATION CENTER,1245,7,29,0,1281
June 2025,SIERRA CONSERVATION CENTER-PIA,6,0,0,0,6
June 2025,SUBSTANCE ABUSE TREAT FACILITY,23,0,3,0,26
June 2025,SUBSTANCE ABUSE TREAT-CORCORAN,1872,9,45,0,1926
June 2025,VALLEY STATE PRISON,1114,13,37,0,1164
February 2026,AVENAL STATE PRISON,1219,4,35,0,1258
February 2026,CA. CORRECTIONAL INSTITUTION,1173,13,31,0,1217
February 2026,CA. HEALTH CARE FACILITY,1447,2,33,0,1482
February 2026,CA. INSTITUTION FOR MEN,1398,14,32,0,1444
February 2026,CA. INSTITUTION FOR WOMEN,1106,9,27,0,1142
February 2026,CA. MEDICAL FACILITY,2043,12,24,0,2079
February 2026,CA. MEN'S COLONY,1306,11,22,0,1339
February 2026,CA. STATE PRISON - CORCORAN,1751,12,36,0,1799
February 2026,CA. STATE PRISON - SACRAMENTO,1488,10,42,0,1540
February 2026,CA. STATE PRISON - SOLANO,1185,8,31,0,1224
February 2026,CA. STATE PRISON - WASCO,1406,13,32,0,1451
February 2026,CALIPATRIA STATE PRISON,1089,12,36,0,1137
February 2026,CDCR/CCHCS CA HEALTH CARE,2015,6,6,0,2027
February 2026,CENTINELA STATE PRISON,1210,11,29,0,1250
February 2026,CENTRAL CA. WOMENS FACILITY,1171,12,62,0,1245
February 2026,CORRECTIONAL TRAINING FACILITY,1171,7,31,0,1209
February 2026,CSP - LOS ANGELES COUNTY,1428,14,48,0,1490
February 2026,DELANO II STATE PRISON,1553,7,48,0,1608
February 2026,FOLSOM STATE PRISON,955,6,33,0,994
February 2026,HIGH DESERT STATE PRISON,1292,5,20,0,1317
February 2026,IRONWOOD STATE PRISON,1038,4,24,0,1066
February 2026,MULE CREEK STATE PRISON,1585,10,44,0,1639
February 2026,NORTH KERN STATE PRISON,1285,6,24,0,1315
February 2026,PELICAN BAY STATE PRISON,1069,2,43,0,1114
February 2026,PLEASANT VALLEY STATE PRISON,1283,6,22,0,1311
February 2026,R J DONOVAN CORR FACILITY,1855,16,20,0,1891
February 2026,REHABILITATION CENTER,748,0,26,0,774
February 2026,SALINAS VALLEY STATE PRISON,1574,11,31,0,1616
February 2026,SAN QUENTIN STATE PRISON,1480,6,37,0,1523
February 2026,SIERRA CONSERVATION CENTER,1237,5,25,0,1267
February 2026,SUBSTANCE ABUSE TREAT-CORCORAN,1894,10,26,0,1930
February 2026,VALLEY STATE PRISON,1083,12,30,0,1125
